
 RUN  v4.1.6 D:/readable-studio/apps/web

TypeError: log.scrollTo is not a function
    at scrollQuestionIntoView (D:/readable-studio/apps/web/src/components/scrollQuestionIntoView.ts:3:7)
    at D:/readable-studio/apps/web/src/components/ChatPane.tsx:735:59
    at commitHookEffectListMount (D:\readable-studio\node_modules\.pnpm\react-dom@18.3.1_react@18.3.1\node_modules\react-dom\cjs\react-dom.development.js:23189:26)
    at commitPassiveMountOnFiber (D:\readable-studio\node_modules\.pnpm\react-dom@18.3.1_react@18.3.1\node_modules\react-dom\cjs\react-dom.development.js:24970:11)
    at commitPassiveMountEffects_complete (D:\readable-studio\node_modules\.pnpm\react-dom@18.3.1_react@18.3.1\node_modules\react-dom\cjs\react-dom.development.js:24930:9)
    at commitPassiveMountEffects_begin (D:\readable-studio\node_modules\.pnpm\react-dom@18.3.1_react@18.3.1\node_modules\react-dom\cjs\react-dom.development.js:24917:7)
    at commitPassiveMountEffects (D:\readable-studio\node_modules\.pnpm\react-dom@18.3.1_react@18.3.1\node_modules\react-dom\cjs\react-dom.development.js:24905:3)
    at flushPassiveEffectsImpl (D:\readable-studio\node_modules\.pnpm\react-dom@18.3.1_react@18.3.1\node_modules\react-dom\cjs\react-dom.development.js:27078:3)
    at flushPassiveEffects (D:\readable-studio\node_modules\.pnpm\react-dom@18.3.1_react@18.3.1\node_modules\react-dom\cjs\react-dom.development.js:27023:14)
    at D:\readable-studio\node_modules\.pnpm\react-dom@18.3.1_react@18.3.1\node_modules\react-dom\cjs\react-dom.development.js:26808:9
stderr | tests/components/ProjectView.queued-question-roundtrip.test.tsx > queued question answer lifecycle > keeps the inline card queued until application is accepted by the daemon
The above error occurred in the <ChatPane> component:

    at ChatPane (D:/readable-studio/apps/web/src/components/ChatPane.tsx:336:3)
    at ChatPane
    at div
    at div
    at div
    at ProjectView (D:/readable-studio/apps/web/src/components/ProjectView.tsx:573:3)

Consider adding an error boundary to your tree to customize error handling behavior.
Visit https://reactjs.org/link/error-boundaries to learn more about error boundaries.

TypeError: log.scrollTo is not a function
    at scrollQuestionIntoView (D:/readable-studio/apps/web/src/components/scrollQuestionIntoView.ts:3:7)
    at D:/readable-studio/apps/web/src/components/ChatPane.tsx:735:59
    at commitHookEffectListMount (D:\readable-studio\node_modules\.pnpm\react-dom@18.3.1_react@18.3.1\node_modules\react-dom\cjs\react-dom.development.js:23189:26)
    at commitPassiveMountOnFiber (D:\readable-studio\node_modules\.pnpm\react-dom@18.3.1_react@18.3.1\node_modules\react-dom\cjs\react-dom.development.js:24970:11)
    at commitPassiveMountEffects_complete (D:\readable-studio\node_modules\.pnpm\react-dom@18.3.1_react@18.3.1\node_modules\react-dom\cjs\react-dom.development.js:24930:9)
    at commitPassiveMountEffects_begin (D:\readable-studio\node_modules\.pnpm\react-dom@18.3.1_react@18.3.1\node_modules\react-dom\cjs\react-dom.development.js:24917:7)
    at commitPassiveMountEffects (D:\readable-studio\node_modules\.pnpm\react-dom@18.3.1_react@18.3.1\node_modules\react-dom\cjs\react-dom.development.js:24905:3)
    at flushPassiveEffectsImpl (D:\readable-studio\node_modules\.pnpm\react-dom@18.3.1_react@18.3.1\node_modules\react-dom\cjs\react-dom.development.js:27078:3)
    at flushPassiveEffects (D:\readable-studio\node_modules\.pnpm\react-dom@18.3.1_react@18.3.1\node_modules\react-dom\cjs\react-dom.development.js:27023:14)
    at D:\readable-studio\node_modules\.pnpm\react-dom@18.3.1_react@18.3.1\node_modules\react-dom\cjs\react-dom.development.js:26808:9
TypeError: log.scrollTo is not a function
    at scrollQuestionIntoView (D:/readable-studio/apps/web/src/components/scrollQuestionIntoView.ts:3:7)
    at D:/readable-studio/apps/web/src/components/ChatPane.tsx:735:59
    at commitHookEffectListMount (D:\readable-studio\node_modules\.pnpm\react-dom@18.3.1_react@18.3.1\node_modules\react-dom\cjs\react-dom.development.js:23189:26)
    at commitPassiveMountOnFiber (D:\readable-studio\node_modules\.pnpm\react-dom@18.3.1_react@18.3.1\node_modules\react-dom\cjs\react-dom.development.js:24970:11)
    at commitPassiveMountEffects_complete (D:\readable-studio\node_modules\.pnpm\react-dom@18.3.1_react@18.3.1\node_modules\react-dom\cjs\react-dom.development.js:24930:9)
    at commitPassiveMountEffects_begin (D:\readable-studio\node_modules\.pnpm\react-dom@18.3.1_react@18.3.1\node_modules\react-dom\cjs\react-dom.development.js:24917:7)
    at commitPassiveMountEffects (D:\readable-studio\node_modules\.pnpm\react-dom@18.3.1_react@18.3.1\node_modules\react-dom\cjs\react-dom.development.js:24905:3)
    at flushPassiveEffectsImpl (D:\readable-studio\node_modules\.pnpm\react-dom@18.3.1_react@18.3.1\node_modules\react-dom\cjs\react-dom.development.js:27078:3)
    at flushPassiveEffects (D:\readable-studio\node_modules\.pnpm\react-dom@18.3.1_react@18.3.1\node_modules\react-dom\cjs\react-dom.development.js:27023:14)
    at D:\readable-studio\node_modules\.pnpm\react-dom@18.3.1_react@18.3.1\node_modules\react-dom\cjs\react-dom.development.js:26808:9
stderr | tests/components/ProjectView.queued-question-roundtrip.test.tsx > queued question answer lifecycle > keeps the inline card queued until application is failed by the daemon
The above error occurred in the <ChatPane> component:

    at ChatPane (D:/readable-studio/apps/web/src/components/ChatPane.tsx:336:3)
    at ChatPane
    at div
    at div
    at div
    at ProjectView (D:/readable-studio/apps/web/src/components/ProjectView.tsx:573:3)

Consider adding an error boundary to your tree to customize error handling behavior.
Visit https://reactjs.org/link/error-boundaries to learn more about error boundaries.

stderr | tests/components/ProjectView.queued-question-roundtrip.test.tsx > queued question answer lifecycle > persists standard typed answers exactly once before accepting the send (saved)
The above error occurred in the <ChatPane> component:

    at ChatPane (D:/readable-studio/apps/web/src/components/ChatPane.tsx:336:3)
    at ChatPane
    at div
    at div
    at div
    at ProjectView (D:/readable-studio/apps/web/src/components/ProjectView.tsx:573:3)

Consider adding an error boundary to your tree to customize error handling behavior.
Visit https://reactjs.org/link/error-boundaries to learn more about error boundaries.

stderr | tests/components/ProjectView.queued-question-roundtrip.test.tsx > queued question answer lifecycle > persists standard typed answers exactly once before accepting the send (failed)
The above error occurred in the <ChatPane> component:

    at ChatPane (D:/readable-studio/apps/web/src/components/ChatPane.tsx:336:3)
    at ChatPane
    at div
    at div
    at div
    at ProjectView (D:/readable-studio/apps/web/src/components/ProjectView.tsx:573:3)

Consider adding an error boundary to your tree to customize error handling behavior.
Visit https://reactjs.org/link/error-boundaries to learn more about error boundaries.

stderr | tests/components/ProjectView.queued-question-roundtrip.test.tsx > queued question answer lifecycle > persists rapid repeated Questions corrections atomically without losing earlier prompt metadata
The above error occurred in the <ChatPane> component:

    at ChatPane (D:/readable-studio/apps/web/src/components/ChatPane.tsx:336:3)
    at ChatPane
    at div
    at div
    at div
    at ProjectView (D:/readable-studio/apps/web/src/components/ProjectView.tsx:573:3)

Consider adding an error boundary to your tree to customize error handling behavior.
Visit https://reactjs.org/link/error-boundaries to learn more about error boundaries.

stderr | tests/components/ProjectView.queued-question-roundtrip.test.tsx > queued question answer lifecycle > holds editable answers through failed hydration and local idle recovery
The above error occurred in the <ChatPane> component:

    at ChatPane (D:/readable-studio/apps/web/src/components/ChatPane.tsx:336:3)
    at ChatPane
    at div
    at div
    at div
    at ProjectView (D:/readable-studio/apps/web/src/components/ProjectView.tsx:573:3)

Consider adding an error boundary to your tree to customize error handling behavior.
Visit https://reactjs.org/link/error-boundaries to learn more about error boundaries.

stderr | tests/components/ProjectView.queued-question-roundtrip.test.tsx > queued question answer lifecycle > holds editable answers through failed hydration and local active recovery
The above error occurred in the <ChatPane> component:

    at ChatPane (D:/readable-studio/apps/web/src/components/ChatPane.tsx:336:3)
    at ChatPane
    at div
    at div
    at div
    at ProjectView (D:/readable-studio/apps/web/src/components/ProjectView.tsx:573:3)

Consider adding an error boundary to your tree to customize error handling behavior.
Visit https://reactjs.org/link/error-boundaries to learn more about error boundaries.

stderr | tests/components/ProjectView.queued-question-roundtrip.test.tsx > queued question answer lifecycle > holds editable answers through failed hydration and local retry-failure recovery
The above error occurred in the <ChatPane> component:

    at ChatPane (D:/readable-studio/apps/web/src/components/ChatPane.tsx:336:3)
    at ChatPane
    at div
    at div
    at div
    at ProjectView (D:/readable-studio/apps/web/src/components/ProjectView.tsx:573:3)

Consider adding an error boundary to your tree to customize error handling behavior.
Visit https://reactjs.org/link/error-boundaries to learn more about error boundaries.

stderr | tests/components/ProjectView.queued-question-roundtrip.test.tsx > queued question answer lifecycle > waits for run hydration on running reload before promoting a persisted answer
The above error occurred in the <ChatPane> component:

    at ChatPane (D:/readable-studio/apps/web/src/components/ChatPane.tsx:336:3)
    at ChatPane
    at div
    at div
    at div
    at ProjectView (D:/readable-studio/apps/web/src/components/ProjectView.tsx:573:3)

Consider adding an error boundary to your tree to customize error handling behavior.
Visit https://reactjs.org/link/error-boundaries to learn more about error boundaries.

stderr | tests/components/ProjectView.queued-question-roundtrip.test.tsx > queued question answer lifecycle > waits for run hydration on idle reload before promoting a persisted answer
The above error occurred in the <ChatPane> component:

    at ChatPane (D:/readable-studio/apps/web/src/components/ChatPane.tsx:336:3)
    at ChatPane
    at div
    at div
    at div
    at ProjectView (D:/readable-studio/apps/web/src/components/ProjectView.tsx:573:3)

Consider adding an error boundary to your tree to customize error handling behavior.
Visit https://reactjs.org/link/error-boundaries to learn more about error boundaries.

stderr | tests/components/ProjectView.queued-question-roundtrip.test.tsx > queued question answer lifecycle > waits for run hydration on interrupt reload before promoting a persisted answer
The above error occurred in the <ChatPane> component:

    at ChatPane (D:/readable-studio/apps/web/src/components/ChatPane.tsx:336:3)
    at ChatPane
    at div
    at div
    at div
    at ProjectView (D:/readable-studio/apps/web/src/components/ProjectView.tsx:573:3)

Consider adding an error boundary to your tree to customize error handling behavior.
Visit https://reactjs.org/link/error-boundaries to learn more about error boundaries.

stderr | tests/components/ProjectView.queued-question-roundtrip.test.tsx > queued question answer lifecycle > waits for run hydration on error reload before promoting a persisted answer
The above error occurred in the <ChatPane> component:

    at ChatPane (D:/readable-studio/apps/web/src/components/ChatPane.tsx:336:3)
    at ChatPane
    at div
    at div
    at div
    at ProjectView (D:/readable-studio/apps/web/src/components/ProjectView.tsx:573:3)

Consider adding an error boundary to your tree to customize error handling behavior.
Visit https://reactjs.org/link/error-boundaries to learn more about error boundaries.

stderr | tests/components/ProjectView.queued-question-roundtrip.test.tsx > queued question answer lifecycle > waits for run hydration on retry-idle reload before promoting a persisted answer
The above error occurred in the <ChatPane> component:

    at ChatPane (D:/readable-studio/apps/web/src/components/ChatPane.tsx:336:3)
    at ChatPane
    at div
    at div
    at div
    at ProjectView (D:/readable-studio/apps/web/src/components/ProjectView.tsx:573:3)

Consider adding an error boundary to your tree to customize error handling behavior.
Visit https://reactjs.org/link/error-boundaries to learn more about error boundaries.

stderr | tests/components/ProjectView.queued-question-roundtrip.test.tsx > queued question answer lifecycle > waits for run hydration on retry-active reload before promoting a persisted answer
The above error occurred in the <ChatPane> component:

    at ChatPane (D:/readable-studio/apps/web/src/components/ChatPane.tsx:336:3)
    at ChatPane
    at div
    at div
    at div
    at ProjectView (D:/readable-studio/apps/web/src/components/ProjectView.tsx:573:3)

Consider adding an error boundary to your tree to customize error handling behavior.
Visit https://reactjs.org/link/error-boundaries to learn more about error boundaries.

stderr | tests/components/ProjectView.queued-question-roundtrip.test.tsx > queued question answer lifecycle > waits for run hydration on retry-failure reload before promoting a persisted answer
The above error occurred in the <ChatPane> component:

    at ChatPane (D:/readable-studio/apps/web/src/components/ChatPane.tsx:336:3)
    at ChatPane
    at div
    at div
    at div
    at ProjectView (D:/readable-studio/apps/web/src/components/ProjectView.tsx:573:3)

Consider adding an error boundary to your tree to customize error handling behavior.
Visit https://reactjs.org/link/error-boundaries to learn more about error boundaries.

stderr | tests/components/ProjectView.queued-question-roundtrip.test.tsx > queued question answer lifecycle > preserves answers through panel submission, reload, composer edit and auto-apply
The above error occurred in the <ChatPane> component:

    at ChatPane (D:/readable-studio/apps/web/src/components/ChatPane.tsx:336:3)
    at ChatPane
    at div
    at div
    at div
    at ProjectView (D:/readable-studio/apps/web/src/components/ProjectView.tsx:573:3)

Consider adding an error boundary to your tree to customize error handling behavior.
Visit https://reactjs.org/link/error-boundaries to learn more about error boundaries.

stderr | tests/components/ProjectView.queued-question-roundtrip.test.tsx > queued question answer lifecycle > preserves answers through queueOnly submission, reload, composer edit and auto-apply
The above error occurred in the <ChatPane> component:

    at ChatPane (D:/readable-studio/apps/web/src/components/ChatPane.tsx:336:3)
    at ChatPane
    at div
    at div
    at div
    at ProjectView (D:/readable-studio/apps/web/src/components/ProjectView.tsx:573:3)

Consider adding an error boundary to your tree to customize error handling behavior.
Visit https://reactjs.org/link/error-boundaries to learn more about error boundaries.

 ❯ tests/components/ProjectView.queued-question-roundtrip.test.tsx (18 tests | 17 failed) 2319ms
     × keeps the inline card queued until application is accepted by the daemon 690ms
     × keeps the inline card queued until application is failed by the daemon 163ms
     × persists standard typed answers exactly once before accepting the send (saved) 118ms
     × persists standard typed answers exactly once before accepting the send (failed) 99ms
     × persists rapid repeated Questions corrections atomically without losing earlier prompt metadata 112ms
     × holds editable answers through failed hydration and local idle recovery 87ms
     × holds editable answers through failed hydration and local active recovery 103ms
     × holds editable answers through failed hydration and local retry-failure recovery 111ms
     × waits for run hydration on running reload before promoting a persisted answer 88ms
     × waits for run hydration on idle reload before promoting a persisted answer 85ms
     × waits for run hydration on interrupt reload before promoting a persisted answer 69ms
     × waits for run hydration on error reload before promoting a persisted answer 76ms
     × waits for run hydration on retry-idle reload before promoting a persisted answer 74ms
     × waits for run hydration on retry-active reload before promoting a persisted answer 63ms
     × waits for run hydration on retry-failure reload before promoting a persisted answer 64ms
     × preserves answers through panel submission, reload, composer edit and auto-apply 76ms
     × preserves answers through queueOnly submission, reload, composer edit and auto-apply 65ms
TypeError: log.scrollTo is not a function
    at scrollQuestionIntoView (D:/readable-studio/apps/web/src/components/scrollQuestionIntoView.ts:3:7)
    at D:/readable-studio/apps/web/src/components/ChatPane.tsx:735:59
    at commitHookEffectListMount (D:\readable-studio\node_modules\.pnpm\react-dom@18.3.1_react@18.3.1\node_modules\react-dom\cjs\react-dom.development.js:23189:26)
    at commitPassiveMountOnFiber (D:\readable-studio\node_modules\.pnpm\react-dom@18.3.1_react@18.3.1\node_modules\react-dom\cjs\react-dom.development.js:24970:11)
    at commitPassiveMountEffects_complete (D:\readable-studio\node_modules\.pnpm\react-dom@18.3.1_react@18.3.1\node_modules\react-dom\cjs\react-dom.development.js:24930:9)
    at commitPassiveMountEffects_begin (D:\readable-studio\node_modules\.pnpm\react-dom@18.3.1_react@18.3.1\node_modules\react-dom\cjs\react-dom.development.js:24917:7)
    at commitPassiveMountEffects (D:\readable-studio\node_modules\.pnpm\react-dom@18.3.1_react@18.3.1\node_modules\react-dom\cjs\react-dom.development.js:24905:3)
    at flushPassiveEffectsImpl (D:\readable-studio\node_modules\.pnpm\react-dom@18.3.1_react@18.3.1\node_modules\react-dom\cjs\react-dom.development.js:27078:3)
    at flushPassiveEffects (D:\readable-studio\node_modules\.pnpm\react-dom@18.3.1_react@18.3.1\node_modules\react-dom\cjs\react-dom.development.js:27023:14)
    at D:\readable-studio\node_modules\.pnpm\react-dom@18.3.1_react@18.3.1\node_modules\react-dom\cjs\react-dom.development.js:26808:9
 ❯ tests/components/FileViewer.edit-cost.test.tsx (3 tests | 1 failed) 4549ms
   × parses a pending style only for its patch and reconciliation when saving 1483ms
 ❯ tests/components/FileViewer.manual-edit-dirty.test.tsx (12 tests | 11 failed) 5653ms
     × persists and exits when re-clicking the edit tool while dirty 5017ms
     × explains the block with a toast when another tool is clicked while dirty 6ms
     × shows Save and Discard actions while dirty 6ms
     × shows Save and Discard actions without a portal host when dirty 4ms
     × preserves the local preview when a watcher refresh arrives while dirty 4ms
     × hides dirty actions after undo restores the exact original source 4ms
     × saves with exactly one POST and exits on success 3ms
     × exits edit mode without a duplicate save when post-save refresh rejects 3ms
     × discards without writing and restores the original preview 3ms
     × retains edits and actions when Save conflicts 3ms
     × keeps edit mode active and dirty when Save fails 3ms
TypeError: log.scrollTo is not a function
    at scrollQuestionIntoView (D:/readable-studio/apps/web/src/components/scrollQuestionIntoView.ts:3:7)
    at D:/readable-studio/apps/web/src/components/ChatPane.tsx:735:59
    at commitHookEffectListMount (D:\readable-studio\node_modules\.pnpm\react-dom@18.3.1_react@18.3.1\node_modules\react-dom\cjs\react-dom.development.js:23189:26)
    at commitPassiveMountOnFiber (D:\readable-studio\node_modules\.pnpm\react-dom@18.3.1_react@18.3.1\node_modules\react-dom\cjs\react-dom.development.js:24970:11)
    at commitPassiveMountEffects_complete (D:\readable-studio\node_modules\.pnpm\react-dom@18.3.1_react@18.3.1\node_modules\react-dom\cjs\react-dom.development.js:24930:9)
    at commitPassiveMountEffects_begin (D:\readable-studio\node_modules\.pnpm\react-dom@18.3.1_react@18.3.1\node_modules\react-dom\cjs\react-dom.development.js:24917:7)
    at commitPassiveMountEffects (D:\readable-studio\node_modules\.pnpm\react-dom@18.3.1_react@18.3.1\node_modules\react-dom\cjs\react-dom.development.js:24905:3)
    at flushPassiveEffectsImpl (D:\readable-studio\node_modules\.pnpm\react-dom@18.3.1_react@18.3.1\node_modules\react-dom\cjs\react-dom.development.js:27078:3)
    at flushPassiveEffects (D:\readable-studio\node_modules\.pnpm\react-dom@18.3.1_react@18.3.1\node_modules\react-dom\cjs\react-dom.development.js:27023:14)
    at D:\readable-studio\node_modules\.pnpm\react-dom@18.3.1_react@18.3.1\node_modules\react-dom\cjs\react-dom.development.js:26808:9
TypeError: log.scrollTo is not a function
    at scrollQuestionIntoView (D:/readable-studio/apps/web/src/components/scrollQuestionIntoView.ts:3:7)
    at D:/readable-studio/apps/web/src/components/ChatPane.tsx:735:59
    at commitHookEffectListMount (D:\readable-studio\node_modules\.pnpm\react-dom@18.3.1_react@18.3.1\node_modules\react-dom\cjs\react-dom.development.js:23189:26)
    at commitPassiveMountOnFiber (D:\readable-studio\node_modules\.pnpm\react-dom@18.3.1_react@18.3.1\node_modules\react-dom\cjs\react-dom.development.js:24970:11)
    at commitPassiveMountEffects_complete (D:\readable-studio\node_modules\.pnpm\react-dom@18.3.1_react@18.3.1\node_modules\react-dom\cjs\react-dom.development.js:24930:9)
    at commitPassiveMountEffects_begin (D:\readable-studio\node_modules\.pnpm\react-dom@18.3.1_react@18.3.1\node_modules\react-dom\cjs\react-dom.development.js:24917:7)
    at commitPassiveMountEffects (D:\readable-studio\node_modules\.pnpm\react-dom@18.3.1_react@18.3.1\node_modules\react-dom\cjs\react-dom.development.js:24905:3)
    at flushPassiveEffectsImpl (D:\readable-studio\node_modules\.pnpm\react-dom@18.3.1_react@18.3.1\node_modules\react-dom\cjs\react-dom.development.js:27078:3)
    at flushPassiveEffects (D:\readable-studio\node_modules\.pnpm\react-dom@18.3.1_react@18.3.1\node_modules\react-dom\cjs\react-dom.development.js:27023:14)
    at D:\readable-studio\node_modules\.pnpm\react-dom@18.3.1_react@18.3.1\node_modules\react-dom\cjs\react-dom.development.js:26808:9
TypeError: log.scrollTo is not a function
    at scrollQuestionIntoView (D:/readable-studio/apps/web/src/components/scrollQuestionIntoView.ts:3:7)
    at D:/readable-studio/apps/web/src/components/ChatPane.tsx:735:59
    at commitHookEffectListMount (D:\readable-studio\node_modules\.pnpm\react-dom@18.3.1_react@18.3.1\node_modules\react-dom\cjs\react-dom.development.js:23189:26)
    at commitPassiveMountOnFiber (D:\readable-studio\node_modules\.pnpm\react-dom@18.3.1_react@18.3.1\node_modules\react-dom\cjs\react-dom.development.js:24970:11)
    at commitPassiveMountEffects_complete (D:\readable-studio\node_modules\.pnpm\react-dom@18.3.1_react@18.3.1\node_modules\react-dom\cjs\react-dom.development.js:24930:9)
    at commitPassiveMountEffects_begin (D:\readable-studio\node_modules\.pnpm\react-dom@18.3.1_react@18.3.1\node_modules\react-dom\cjs\react-dom.development.js:24917:7)
    at commitPassiveMountEffects (D:\readable-studio\node_modules\.pnpm\react-dom@18.3.1_react@18.3.1\node_modules\react-dom\cjs\react-dom.development.js:24905:3)
    at flushPassiveEffectsImpl (D:\readable-studio\node_modules\.pnpm\react-dom@18.3.1_react@18.3.1\node_modules\react-dom\cjs\react-dom.development.js:27078:3)
    at flushPassiveEffects (D:\readable-studio\node_modules\.pnpm\react-dom@18.3.1_react@18.3.1\node_modules\react-dom\cjs\react-dom.development.js:27023:14)
    at D:\readable-studio\node_modules\.pnpm\react-dom@18.3.1_react@18.3.1\node_modules\react-dom\cjs\react-dom.development.js:26808:9
TypeError: log.scrollTo is not a function
    at scrollQuestionIntoView (D:/readable-studio/apps/web/src/components/scrollQuestionIntoView.ts:3:7)
    at D:/readable-studio/apps/web/src/components/ChatPane.tsx:735:59
    at commitHookEffectListMount (D:\readable-studio\node_modules\.pnpm\react-dom@18.3.1_react@18.3.1\node_modules\react-dom\cjs\react-dom.development.js:23189:26)
    at commitPassiveMountOnFiber (D:\readable-studio\node_modules\.pnpm\react-dom@18.3.1_react@18.3.1\node_modules\react-dom\cjs\react-dom.development.js:24970:11)
    at commitPassiveMountEffects_complete (D:\readable-studio\node_modules\.pnpm\react-dom@18.3.1_react@18.3.1\node_modules\react-dom\cjs\react-dom.development.js:24930:9)
    at commitPassiveMountEffects_begin (D:\readable-studio\node_modules\.pnpm\react-dom@18.3.1_react@18.3.1\node_modules\react-dom\cjs\react-dom.development.js:24917:7)
    at commitPassiveMountEffects (D:\readable-studio\node_modules\.pnpm\react-dom@18.3.1_react@18.3.1\node_modules\react-dom\cjs\react-dom.development.js:24905:3)
    at flushPassiveEffectsImpl (D:\readable-studio\node_modules\.pnpm\react-dom@18.3.1_react@18.3.1\node_modules\react-dom\cjs\react-dom.development.js:27078:3)
    at flushPassiveEffects (D:\readable-studio\node_modules\.pnpm\react-dom@18.3.1_react@18.3.1\node_modules\react-dom\cjs\react-dom.development.js:27023:14)
    at D:\readable-studio\node_modules\.pnpm\react-dom@18.3.1_react@18.3.1\node_modules\react-dom\cjs\react-dom.development.js:26808:9
TypeError: log.scrollTo is not a function
    at scrollQuestionIntoView (D:/readable-studio/apps/web/src/components/scrollQuestionIntoView.ts:3:7)
    at D:/readable-studio/apps/web/src/components/ChatPane.tsx:735:59
    at commitHookEffectListMount (D:\readable-studio\node_modules\.pnpm\react-dom@18.3.1_react@18.3.1\node_modules\react-dom\cjs\react-dom.development.js:23189:26)
    at commitPassiveMountOnFiber (D:\readable-studio\node_modules\.pnpm\react-dom@18.3.1_react@18.3.1\node_modules\react-dom\cjs\react-dom.development.js:24970:11)
    at commitPassiveMountEffects_complete (D:\readable-studio\node_modules\.pnpm\react-dom@18.3.1_react@18.3.1\node_modules\react-dom\cjs\react-dom.development.js:24930:9)
    at commitPassiveMountEffects_begin (D:\readable-studio\node_modules\.pnpm\react-dom@18.3.1_react@18.3.1\node_modules\react-dom\cjs\react-dom.development.js:24917:7)
    at commitPassiveMountEffects (D:\readable-studio\node_modules\.pnpm\react-dom@18.3.1_react@18.3.1\node_modules\react-dom\cjs\react-dom.development.js:24905:3)
    at flushPassiveEffectsImpl (D:\readable-studio\node_modules\.pnpm\react-dom@18.3.1_react@18.3.1\node_modules\react-dom\cjs\react-dom.development.js:27078:3)
    at flushPassiveEffects (D:\readable-studio\node_modules\.pnpm\react-dom@18.3.1_react@18.3.1\node_modules\react-dom\cjs\react-dom.development.js:27023:14)
    at D:\readable-studio\node_modules\.pnpm\react-dom@18.3.1_react@18.3.1\node_modules\react-dom\cjs\react-dom.development.js:26808:9
TypeError: log.scrollTo is not a function
    at scrollQuestionIntoView (D:/readable-studio/apps/web/src/components/scrollQuestionIntoView.ts:3:7)
    at D:/readable-studio/apps/web/src/components/ChatPane.tsx:735:59
    at commitHookEffectListMount (D:\readable-studio\node_modules\.pnpm\react-dom@18.3.1_react@18.3.1\node_modules\react-dom\cjs\react-dom.development.js:23189:26)
    at commitPassiveMountOnFiber (D:\readable-studio\node_modules\.pnpm\react-dom@18.3.1_react@18.3.1\node_modules\react-dom\cjs\react-dom.development.js:24970:11)
    at commitPassiveMountEffects_complete (D:\readable-studio\node_modules\.pnpm\react-dom@18.3.1_react@18.3.1\node_modules\react-dom\cjs\react-dom.development.js:24930:9)
    at commitPassiveMountEffects_begin (D:\readable-studio\node_modules\.pnpm\react-dom@18.3.1_react@18.3.1\node_modules\react-dom\cjs\react-dom.development.js:24917:7)
    at commitPassiveMountEffects (D:\readable-studio\node_modules\.pnpm\react-dom@18.3.1_react@18.3.1\node_modules\react-dom\cjs\react-dom.development.js:24905:3)
    at flushPassiveEffectsImpl (D:\readable-studio\node_modules\.pnpm\react-dom@18.3.1_react@18.3.1\node_modules\react-dom\cjs\react-dom.development.js:27078:3)
    at flushPassiveEffects (D:\readable-studio\node_modules\.pnpm\react-dom@18.3.1_react@18.3.1\node_modules\react-dom\cjs\react-dom.development.js:27023:14)
    at D:\readable-studio\node_modules\.pnpm\react-dom@18.3.1_react@18.3.1\node_modules\react-dom\cjs\react-dom.development.js:26808:9
TypeError: log.scrollTo is not a function
    at scrollQuestionIntoView (D:/readable-studio/apps/web/src/components/scrollQuestionIntoView.ts:3:7)
    at D:/readable-studio/apps/web/src/components/ChatPane.tsx:735:59
    at commitHookEffectListMount (D:\readable-studio\node_modules\.pnpm\react-dom@18.3.1_react@18.3.1\node_modules\react-dom\cjs\react-dom.development.js:23189:26)
    at commitPassiveMountOnFiber (D:\readable-studio\node_modules\.pnpm\react-dom@18.3.1_react@18.3.1\node_modules\react-dom\cjs\react-dom.development.js:24970:11)
    at commitPassiveMountEffects_complete (D:\readable-studio\node_modules\.pnpm\react-dom@18.3.1_react@18.3.1\node_modules\react-dom\cjs\react-dom.development.js:24930:9)
    at commitPassiveMountEffects_begin (D:\readable-studio\node_modules\.pnpm\react-dom@18.3.1_react@18.3.1\node_modules\react-dom\cjs\react-dom.development.js:24917:7)
    at commitPassiveMountEffects (D:\readable-studio\node_modules\.pnpm\react-dom@18.3.1_react@18.3.1\node_modules\react-dom\cjs\react-dom.development.js:24905:3)
    at flushPassiveEffectsImpl (D:\readable-studio\node_modules\.pnpm\react-dom@18.3.1_react@18.3.1\node_modules\react-dom\cjs\react-dom.development.js:27078:3)
    at flushPassiveEffects (D:\readable-studio\node_modules\.pnpm\react-dom@18.3.1_react@18.3.1\node_modules\react-dom\cjs\react-dom.development.js:27023:14)
    at D:\readable-studio\node_modules\.pnpm\react-dom@18.3.1_react@18.3.1\node_modules\react-dom\cjs\react-dom.development.js:26808:9
TypeError: log.scrollTo is not a function
    at scrollQuestionIntoView (D:/readable-studio/apps/web/src/components/scrollQuestionIntoView.ts:3:7)
    at D:/readable-studio/apps/web/src/components/ChatPane.tsx:735:59
    at commitHookEffectListMount (D:\readable-studio\node_modules\.pnpm\react-dom@18.3.1_react@18.3.1\node_modules\react-dom\cjs\react-dom.development.js:23189:26)
    at commitPassiveMountOnFiber (D:\readable-studio\node_modules\.pnpm\react-dom@18.3.1_react@18.3.1\node_modules\react-dom\cjs\react-dom.development.js:24970:11)
    at commitPassiveMountEffects_complete (D:\readable-studio\node_modules\.pnpm\react-dom@18.3.1_react@18.3.1\node_modules\react-dom\cjs\react-dom.development.js:24930:9)
    at commitPassiveMountEffects_begin (D:\readable-studio\node_modules\.pnpm\react-dom@18.3.1_react@18.3.1\node_modules\react-dom\cjs\react-dom.development.js:24917:7)
    at commitPassiveMountEffects (D:\readable-studio\node_modules\.pnpm\react-dom@18.3.1_react@18.3.1\node_modules\react-dom\cjs\react-dom.development.js:24905:3)
    at flushPassiveEffectsImpl (D:\readable-studio\node_modules\.pnpm\react-dom@18.3.1_react@18.3.1\node_modules\react-dom\cjs\react-dom.development.js:27078:3)
    at flushPassiveEffects (D:\readable-studio\node_modules\.pnpm\react-dom@18.3.1_react@18.3.1\node_modules\react-dom\cjs\react-dom.development.js:27023:14)
    at D:\readable-studio\node_modules\.pnpm\react-dom@18.3.1_react@18.3.1\node_modules\react-dom\cjs\react-dom.development.js:26808:9
TypeError: log.scrollTo is not a function
    at scrollQuestionIntoView (D:/readable-studio/apps/web/src/components/scrollQuestionIntoView.ts:3:7)
    at D:/readable-studio/apps/web/src/components/ChatPane.tsx:735:59
    at commitHookEffectListMount (D:\readable-studio\node_modules\.pnpm\react-dom@18.3.1_react@18.3.1\node_modules\react-dom\cjs\react-dom.development.js:23189:26)
    at commitPassiveMountOnFiber (D:\readable-studio\node_modules\.pnpm\react-dom@18.3.1_react@18.3.1\node_modules\react-dom\cjs\react-dom.development.js:24970:11)
    at commitPassiveMountEffects_complete (D:\readable-studio\node_modules\.pnpm\react-dom@18.3.1_react@18.3.1\node_modules\react-dom\cjs\react-dom.development.js:24930:9)
    at commitPassiveMountEffects_begin (D:\readable-studio\node_modules\.pnpm\react-dom@18.3.1_react@18.3.1\node_modules\react-dom\cjs\react-dom.development.js:24917:7)
    at commitPassiveMountEffects (D:\readable-studio\node_modules\.pnpm\react-dom@18.3.1_react@18.3.1\node_modules\react-dom\cjs\react-dom.development.js:24905:3)
    at flushPassiveEffectsImpl (D:\readable-studio\node_modules\.pnpm\react-dom@18.3.1_react@18.3.1\node_modules\react-dom\cjs\react-dom.development.js:27078:3)
    at flushPassiveEffects (D:\readable-studio\node_modules\.pnpm\react-dom@18.3.1_react@18.3.1\node_modules\react-dom\cjs\react-dom.development.js:27023:14)
    at D:\readable-studio\node_modules\.pnpm\react-dom@18.3.1_react@18.3.1\node_modules\react-dom\cjs\react-dom.development.js:26808:9
TypeError: log.scrollTo is not a function
    at scrollQuestionIntoView (D:/readable-studio/apps/web/src/components/scrollQuestionIntoView.ts:3:7)
    at D:/readable-studio/apps/web/src/components/ChatPane.tsx:735:59
    at commitHookEffectListMount (D:\readable-studio\node_modules\.pnpm\react-dom@18.3.1_react@18.3.1\node_modules\react-dom\cjs\react-dom.development.js:23189:26)
    at commitPassiveMountOnFiber (D:\readable-studio\node_modules\.pnpm\react-dom@18.3.1_react@18.3.1\node_modules\react-dom\cjs\react-dom.development.js:24970:11)
    at commitPassiveMountEffects_complete (D:\readable-studio\node_modules\.pnpm\react-dom@18.3.1_react@18.3.1\node_modules\react-dom\cjs\react-dom.development.js:24930:9)
    at commitPassiveMountEffects_begin (D:\readable-studio\node_modules\.pnpm\react-dom@18.3.1_react@18.3.1\node_modules\react-dom\cjs\react-dom.development.js:24917:7)
    at commitPassiveMountEffects (D:\readable-studio\node_modules\.pnpm\react-dom@18.3.1_react@18.3.1\node_modules\react-dom\cjs\react-dom.development.js:24905:3)
    at flushPassiveEffectsImpl (D:\readable-studio\node_modules\.pnpm\react-dom@18.3.1_react@18.3.1\node_modules\react-dom\cjs\react-dom.development.js:27078:3)
    at flushPassiveEffects (D:\readable-studio\node_modules\.pnpm\react-dom@18.3.1_react@18.3.1\node_modules\react-dom\cjs\react-dom.development.js:27023:14)
    at D:\readable-studio\node_modules\.pnpm\react-dom@18.3.1_react@18.3.1\node_modules\react-dom\cjs\react-dom.development.js:26808:9
TypeError: log.scrollTo is not a function
    at scrollQuestionIntoView (D:/readable-studio/apps/web/src/components/scrollQuestionIntoView.ts:3:7)
    at D:/readable-studio/apps/web/src/components/ChatPane.tsx:735:59
    at commitHookEffectListMount (D:\readable-studio\node_modules\.pnpm\react-dom@18.3.1_react@18.3.1\node_modules\react-dom\cjs\react-dom.development.js:23189:26)
    at commitPassiveMountOnFiber (D:\readable-studio\node_modules\.pnpm\react-dom@18.3.1_react@18.3.1\node_modules\react-dom\cjs\react-dom.development.js:24970:11)
    at commitPassiveMountEffects_complete (D:\readable-studio\node_modules\.pnpm\react-dom@18.3.1_react@18.3.1\node_modules\react-dom\cjs\react-dom.development.js:24930:9)
    at commitPassiveMountEffects_begin (D:\readable-studio\node_modules\.pnpm\react-dom@18.3.1_react@18.3.1\node_modules\react-dom\cjs\react-dom.development.js:24917:7)
    at commitPassiveMountEffects (D:\readable-studio\node_modules\.pnpm\react-dom@18.3.1_react@18.3.1\node_modules\react-dom\cjs\react-dom.development.js:24905:3)
    at flushPassiveEffectsImpl (D:\readable-studio\node_modules\.pnpm\react-dom@18.3.1_react@18.3.1\node_modules\react-dom\cjs\react-dom.development.js:27078:3)
    at flushPassiveEffects (D:\readable-studio\node_modules\.pnpm\react-dom@18.3.1_react@18.3.1\node_modules\react-dom\cjs\react-dom.development.js:27023:14)
    at D:\readable-studio\node_modules\.pnpm\react-dom@18.3.1_react@18.3.1\node_modules\react-dom\cjs\react-dom.development.js:26808:9
TypeError: log.scrollTo is not a function
    at scrollQuestionIntoView (D:/readable-studio/apps/web/src/components/scrollQuestionIntoView.ts:3:7)
    at D:/readable-studio/apps/web/src/components/ChatPane.tsx:735:59
    at commitHookEffectListMount (D:\readable-studio\node_modules\.pnpm\react-dom@18.3.1_react@18.3.1\node_modules\react-dom\cjs\react-dom.development.js:23189:26)
    at commitPassiveMountOnFiber (D:\readable-studio\node_modules\.pnpm\react-dom@18.3.1_react@18.3.1\node_modules\react-dom\cjs\react-dom.development.js:24970:11)
    at commitPassiveMountEffects_complete (D:\readable-studio\node_modules\.pnpm\react-dom@18.3.1_react@18.3.1\node_modules\react-dom\cjs\react-dom.development.js:24930:9)
    at commitPassiveMountEffects_begin (D:\readable-studio\node_modules\.pnpm\react-dom@18.3.1_react@18.3.1\node_modules\react-dom\cjs\react-dom.development.js:24917:7)
    at commitPassiveMountEffects (D:\readable-studio\node_modules\.pnpm\react-dom@18.3.1_react@18.3.1\node_modules\react-dom\cjs\react-dom.development.js:24905:3)
    at flushPassiveEffectsImpl (D:\readable-studio\node_modules\.pnpm\react-dom@18.3.1_react@18.3.1\node_modules\react-dom\cjs\react-dom.development.js:27078:3)
    at flushPassiveEffects (D:\readable-studio\node_modules\.pnpm\react-dom@18.3.1_react@18.3.1\node_modules\react-dom\cjs\react-dom.development.js:27023:14)
    at D:\readable-studio\node_modules\.pnpm\react-dom@18.3.1_react@18.3.1\node_modules\react-dom\cjs\react-dom.development.js:26808:9
TypeError: log.scrollTo is not a function
    at scrollQuestionIntoView (D:/readable-studio/apps/web/src/components/scrollQuestionIntoView.ts:3:7)
    at D:/readable-studio/apps/web/src/components/ChatPane.tsx:735:59
    at commitHookEffectListMount (D:\readable-studio\node_modules\.pnpm\react-dom@18.3.1_react@18.3.1\node_modules\react-dom\cjs\react-dom.development.js:23189:26)
    at commitPassiveMountOnFiber (D:\readable-studio\node_modules\.pnpm\react-dom@18.3.1_react@18.3.1\node_modules\react-dom\cjs\react-dom.development.js:24970:11)
    at commitPassiveMountEffects_complete (D:\readable-studio\node_modules\.pnpm\react-dom@18.3.1_react@18.3.1\node_modules\react-dom\cjs\react-dom.development.js:24930:9)
    at commitPassiveMountEffects_begin (D:\readable-studio\node_modules\.pnpm\react-dom@18.3.1_react@18.3.1\node_modules\react-dom\cjs\react-dom.development.js:24917:7)
    at commitPassiveMountEffects (D:\readable-studio\node_modules\.pnpm\react-dom@18.3.1_react@18.3.1\node_modules\react-dom\cjs\react-dom.development.js:24905:3)
    at flushPassiveEffectsImpl (D:\readable-studio\node_modules\.pnpm\react-dom@18.3.1_react@18.3.1\node_modules\react-dom\cjs\react-dom.development.js:27078:3)
    at flushPassiveEffects (D:\readable-studio\node_modules\.pnpm\react-dom@18.3.1_react@18.3.1\node_modules\react-dom\cjs\react-dom.development.js:27023:14)
    at D:\readable-studio\node_modules\.pnpm\react-dom@18.3.1_react@18.3.1\node_modules\react-dom\cjs\react-dom.development.js:26808:9
 ❯ tests/components/FileViewer.manual-edit.test.tsx (25 tests | 10 failed) 9265ms
     × keeps manual edit mode active when saving through the edit toggle conflicts 5028ms
     × keeps a text target selected when a background click occurs while dirty 4ms
     × does not let a pending manual edit style save survive a file switch 3ms
     × clears loaded source immediately on file switch without liveHtml before manual edit can save 1020ms
     × clears a prior manual edit save error after a later explicit save succeeds 8ms
     × retries the actual save only when explicit Save is requested again after a failure 4ms
     × surfaces a preview-style-applied failure from the iframe as a manual edit error 3ms
     × keeps page styles open when selecting a target while page edits are dirty 2ms
     × closes the page-styles card without saving on cancel, staying in edit mode 3ms
     × applies page styles to the transaction and closes the card without persisting 2ms
 ❯ tests/components/FileViewer.manual-edit-gesture-refresh.test.tsx (18 tests | 6 failed) 10305ms
     × completes one undoable resize gesture when a live transition is blocked mid-gesture 436ms
     × completes one undoable resize gesture when a raw transition is blocked mid-gesture 305ms
     × completes one undoable resize gesture when a close transition is blocked mid-gesture 269ms
     × completes one undoable resize gesture when a live transition is blocked mid-gesture 225ms
     × completes one undoable resize gesture when a raw transition is blocked mid-gesture 364ms
     × completes one undoable resize gesture when a close transition is blocked mid-gesture 364ms
 ❯ tests/components/FileViewer.manual-edit-save-flush.test.tsx (36 tests | 20 failed) 20330ms
     × persists an active plain line-break edit together with movement and a pending style via save 1492ms
     × persists an active rich line-break edit together with movement and a pending style via save 699ms
     × persists an active plain line-break edit together with movement and a pending style via toggle 486ms
     × persists an active rich line-break edit together with movement and a pending style via toggle 530ms
     × preserves an open resize movement across a watcher refresh and flushes it before Reload 617ms
     × flushes a still-live session even when its element is no longer focused 785ms
     × switching host selection flushes the previous text and pending style before reading the next draft 543ms
     × Enter commits exactly once before Save, even with transport delivery pending 733ms
     × Escape commits exactly once before Save, even with transport delivery pending 802ms
     × blur commits exactly once before Save, even with transport delivery pending 649ms
     × persists an active plain line-break edit together with movement and a pending style via save 582ms
     × persists an active rich line-break edit together with movement and a pending style via save 603ms
     × persists an active plain line-break edit together with movement and a pending style via toggle 429ms
     × persists an active rich line-break edit together with movement and a pending style via toggle 427ms
     × preserves an open resize movement across a watcher refresh and flushes it before Reload 543ms
     × flushes a still-live session even when its element is no longer focused 663ms
     × switching host selection flushes the previous text and pending style before reading the next draft 539ms
     × Enter commits exactly once before Save, even with transport delivery pending 583ms
     × Escape commits exactly once before Save, even with transport delivery pending 691ms
     × blur commits exactly once before Save, even with transport delivery pending 680ms
 ❯ tests/styles/interactive-reachability-contracts.test.ts (12 tests | 1 failed) 2048ms
     × pairs pointer-events with opacity in every applied keyframe across the app 931ms
{"kind":"sRGB calculation, not browser pixels","theme":"light","endpoint":"blue","before":[189.8,199.44,229.36,1],"after":[143.36,161.20799999999997,215.752,0.72]}
{"kind":"sRGB calculation, not browser pixels","theme":"light","endpoint":"pink","before":[215.92,203.16,227.56,1],"after":[183.54399999999995,159.612,209.092,0.72]}
{"kind":"sRGB calculation, not browser pixels","backing":[47,56,78],"oldEndpoint":[48.68000000000001,58.04000000000001,81.52000000000001],"newEndpoint":[66.176,83.528,126.66400000000002],"oldComposite":[47.504,56.611999999999995,79.056],"newComposite":[60.806720000000006,75.82016,113.03808000000001]}
[{"theme":"light","text":"17.0860","rest":"18.5815","hover":"17.1051","expanded":"17.1051","focus":"17.1051","selection":"17.0860","oldFaint":"4.8529","oldBody":"14.5673"},{"theme":"dark","text":"11.7450","rest":"15.0663","hover":"11.7450","expanded":"11.7450","focus":"11.7450","selection":"11.7450","oldFaint":"1.5774","oldBody":"10.8010"},{"theme":"monokai","text":"10.9975","rest":"14.8632","hover":"10.9975","expanded":"10.9975","focus":"10.9975","selection":"10.9975","oldFaint":"2.3960","oldBody":"10.3169"},{"theme":"dracula","text":"10.5263","rest":"14.2404","hover":"10.5263","expanded":"10.5263","focus":"10.5263","selection":"10.5263","oldFaint":"2.2368","oldBody":"9.8749"},{"theme":"catppuccin-latte","text":"13.7339","rest":"14.2361","hover":"13.7406","expanded":"13.7406","focus":"13.7406","selection":"13.7339","oldFaint":"1.8455","oldBody":"6.8129"},{"theme":"catppuccin-frappe","text":"8.8939","rest":"11.3061","hover":"8.8939","expanded":"8.8939","focus":"8.8939","selection":"8.8939","oldFaint":"1.7581","oldBody":"6.3391"},{"theme":"catppuccin-macchiato","text":"10.7364","rest":"13.7381","hover":"10.7364","expanded":"10.7364","focus":"10.7364","selection":"10.7364","oldFaint":"1.8570","oldBody":"7.7517"},{"theme":"catppuccin-mocha","text":"12.0375","rest":"15.3322","hover":"12.0375","expanded":"12.0375","focus":"12.0375","selection":"12.0375","oldFaint":"1.9287","oldBody":"8.9040"},{"theme":"nord","text":"8.3533","rest":"10.8359","hover":"8.3533","expanded":"8.3533","focus":"8.3533","selection":"8.3533","oldFaint":"2.0929","oldBody":"7.1271"},{"theme":"gruvbox","text":"10.0311","rest":"12.9942","hover":"10.0311","expanded":"10.0311","focus":"10.0311","selection":"10.0311","oldFaint":"3.1005","oldBody":"8.2964"},{"theme":"solarized-dark","text":"4.8615","rest":"5.6142","hover":"4.8814","expanded":"4.8814","focus":"4.8814","selection":"4.8814","oldFaint":"1.7485","oldBody":"4.1282"},{"theme":"one-dark","text":"8.2226","rest":"9.9957","hover":"8.2226","expanded":"8.2226","focus":"8.2226","selection":"8.2226","oldFaint":"1.9050","oldBody":"5.4027"}]
{"surface":"hub composer","gap":"last text line -> foot row top edge","before":10,"after":15,"ratio":1.5}

⎯⎯⎯⎯⎯⎯ Failed Tests 66 ⎯⎯⎯⎯⎯⎯⎯

 FAIL  tests/components/FileViewer.edit-cost.test.tsx > parses a pending style only for its patch and reconciliation when saving
TestingLibraryElementError: Unable to find an accessible element with the role "button" and name "Save changes"

Here are the accessible roles:

  button:

  Name "Reload Preview":
  [36m<button[39m
    [33maria-label[39m=[32m"Reload Preview"[39m
    [33mclass[39m=[32m"icon-only readable-tooltip"[39m
    [33mdata-tooltip[39m=[32m"Reload Preview"[39m
    [33mdata-tooltip-placement[39m=[32m"bottom"[39m
    [33mtitle[39m=[32m"Reload Preview"[39m
    [33mtype[39m=[32m"button"[39m
  [36m/>[39m

  Name "Comment on element":
  [36m<button[39m
    [33maria-label[39m=[32m"Comment on element"[39m
    [33maria-pressed[39m=[32m"false"[39m
    [33mclass[39m=[32m"viewer-action viewer-action-icon viewer-comment-toggle readable-tooltip"[39m
    [33mdata-testid[39m=[32m"board-mode-toggle"[39m
    [33mdata-tooltip[39m=[32m"Comment on element"[39m
    [33mdata-tooltip-placement[39m=[32m"bottom"[39m
    [33mtitle[39m=[32m"Comment on element"[39m
    [33mtype[39m=[32m"button"[39m
  [36m/>[39m

  Name "Select range":
  [36m<button[39m
    [33maria-label[39m=[32m"Select range"[39m
    [33maria-pressed[39m=[32m"false"[39m
    [33mclass[39m=[32m"viewer-action viewer-action-icon readable-tooltip"[39m
    [33mdata-testid[39m=[32m"draw-overlay-toggle"[39m
    [33mdata-tooltip[39m=[32m"Select range"[39m
    [33mdata-tooltip-placement[39m=[32m"bottom"[39m
    [33mtitle[39m=[32m"Select range"[39m
    [33mtype[39m=[32m"button"[39m
  [36m/>[39m

  Name "Edit":
  [36m<button[39m
    [33maria-label[39m=[32m"Edit"[39m
    [33maria-pressed[39m=[32m"true"[39m
    [33mclass[39m=[32m"viewer-action viewer-direct-edit readable-tooltip active"[39m
    [33mdata-testid[39m=[32m"manual-edit-mode-toggle"[39m
    [33mdata-tooltip[39m=[32m"Edit"[39m
    [33mdata-tooltip-placement[39m=[32m"bottom"[39m
    [33mtitle[39m=[32m"Edit"[39m
    [33mtype[39m=[32m"button"[39m
  [36m/>[39m

  Name "Comments (0)":
  [36m<button[39m
    [33maria-label[39m=[32m"Comments (0)"[39m
    [33maria-pressed[39m=[32m"false"[39m
    [33mclass[39m=[32m"viewer-action viewer-comment-count-trigger viewer-comment-toggle readable-tooltip"[39m
    [33mdata-testid[39m=[32m"comment-panel-toggle"[39m
    [33mdata-tooltip[39m=[32m"Comments"[39m
    [33mdata-tooltip-placement[39m=[32m"bottom"[39m
    [33mtitle[39m=[32m"Comments"[39m
    [33mtype[39m=[32m"button"[39m
  [36m/>[39m

  Name "100%":
  [36m<button[39m
    [33maria-expanded[39m=[32m"false"[39m
    [33maria-haspopup[39m=[32m"menu"[39m
    [33mclass[39m=[32m"viewer-action zoom-trigger readable-tooltip"[39m
    [33mdata-tooltip[39m=[32m"Reset zoom"[39m
    [33mdata-tooltip-placement[39m=[32m"bottom"[39m
    [33mtitle[39m=[32m"Reset zoom"[39m
    [33mtype[39m=[32m"button"[39m
  [36m/>[39m

  Name "Font size decrease":
  [36m<button[39m
    [33maria-label[39m=[32m"Font size decrease"[39m
    [33mclass[39m=[32m"_step_599c84 readable-tooltip"[39m
    [33mdata-tooltip[39m=[32m"Font size decrease"[39m
    [33mdisabled[39m=[32m""[39m
    [33mtype[39m=[32m"button"[39m
  [36m/>[39m

  Name "Font size increase":
  [36m<button[39m
    [33maria-label[39m=[32m"Font size increase"[39m
    [33mclass[39m=[32m"_step_599c84 readable-tooltip"[39m
    [33mdata-tooltip[39m=[32m"Font size increase"[39m
    [33mdisabled[39m=[32m""[39m
    [33mtype[39m=[32m"button"[39m
  [36m/>[39m

  Name "Bold":
  [36m<button[39m
    [33maria-label[39m=[32m"Bold"[39m
    [33maria-pressed[39m=[32m"false"[39m
    [33mclass[39m=[32m"_button_ee6a60 _subtle_ee6a60 subtle _icon_ee6a60 icon-btn readable-tooltip"[39m
    [33mdata-tooltip[39m=[32m"Bold"[39m
    [33mdisabled[39m=[32m""[39m
    [33mtype[39m=[32m"button"[39m
  [36m/>[39m

  Name "Italic":
  [36m<button[39m
    [33maria-label[39m=[32m"Italic"[39m
    [33maria-pressed[39m=[32m"false"[39m
    [33mclass[39m=[32m"_button_ee6a60 _subtle_ee6a60 subtle _icon_ee6a60 icon-btn readable-tooltip"[39m
    [33mdata-tooltip[39m=[32m"Italic"[39m
    [33mdisabled[39m=[32m""[39m
    [33mtype[39m=[32m"button"[39m
  [36m/>[39m

  Name "Underline":
  [36m<button[39m
    [33maria-label[39m=[32m"Underline"[39m
    [33maria-pressed[39m=[32m"false"[39m
    [33mclass[39m=[32m"_button_ee6a60 _subtle_ee6a60 subtle _icon_ee6a60 icon-btn readable-tooltip"[39m
    [33mdata-tooltip[39m=[32m"Underline"[39m
    [33mdisabled[39m=[32m""[39m
    [33mtype[39m=[32m"button"[39m
  [36m/>[39m

  Name "Text color":
  [36m<button[39m
    [33maria-expanded[39m=[32m"false"[39m
    [33maria-label[39m=[32m"Text color"[39m
    [33mclass[39m=[32m"_swatch_599c84 readable-tooltip"[39m
    [33mdata-tooltip[39m=[32m"Text color"[39m
    [33mstyle[39m=[32m"--swatch-color: transparent;"[39m
    [33mtype[39m=[32m"button"[39m
  [36m/>[39m

  Name "Align left":
  [36m<button[39m
    [33maria-label[39m=[32m"Align left"[39m
    [33maria-pressed[39m=[32m"false"[39m
    [33mclass[39m=[32m"_button_ee6a60 _subtle_ee6a60 subtle _icon_ee6a60 icon-btn readable-tooltip"[39m
    [33mdata-tooltip[39m=[32m"Align left"[39m
    [33mtype[39m=[32m"button"[39m
  [36m/>[39m

  Name "Align center":
  [36m<button[39m
    [33maria-label[39m=[32m"Align center"[39m
    [33maria-pressed[39m=[32m"false"[39m
    [33mclass[39m=[32m"_button_ee6a60 _subtle_ee6a60 subtle _icon_ee6a60 icon-btn readable-tooltip"[39m
    [33mdata-tooltip[39m=[32m"Align center"[39m
    [33mtype[39m=[32m"button"[39m
  [36m/>[39m

  Name "Align right":
  [36m<button[39m
    [33maria-label[39m=[32m"Align right"[39m
    [33maria-pressed[39m=[32m"false"[39m
    [33mclass[39m=[32m"_button_ee6a60 _subtle_ee6a60 subtle _icon_ee6a60 icon-btn readable-tooltip"[39m
    [33mdata-tooltip[39m=[32m"Align right"[39m
    [33mtype[39m=[32m"button"[39m
  [36m/>[39m

  Name "Justify":
  [36m<button[39m
    [33maria-label[39m=[32m"Justify"[39m
    [33maria-pressed[39m=[32m"false"[39m
    [33mclass[39m=[32m"_button_ee6a60 _subtle_ee6a60 subtle _icon_ee6a60 icon-btn readable-tooltip"[39m
    [33mdata-tooltip[39m=[32m"Justify"[39m
    [33mtype[39m=[32m"button"[39m
  [36m/>[39m

  Name "Line height decrease":
  [36m<button[39m
    [33maria-label[39m=[32m"Line height decrease"[39m
    [33mclass[39m=[32m"_step_599c84 readable-tooltip"[39m
    [33mdata-tooltip[39m=[32m"Line height decrease"[39m
    [33mdisabled[39m=[32m""[39m
    [33mtype[39m=[32m"button"[39m
  [36m/>[39m

  Name "Line height increase":
  [36m<button[39m
    [33maria-label[39m=[32m"Line height increase"[39m
    [33mclass[39m=[32m"_step_599c84 readable-tooltip"[39m
    [33mdata-tooltip[39m=[32m"Line height increase"[39m
    [33mdisabled[39m=[32m""[39m
    [33mtype[39m=[32m"button"[39m
  [36m/>[39m

  Name "Letter spacing decrease":
  [36m<button[39m
    [33maria-label[39m=[32m"Letter spacing decrease"[39m
    [33mclass[39m=[32m"_step_599c84 readable-tooltip"[39m
    [33mdata-tooltip[39m=[32m"Letter spacing decrease"[39m
    [33mdisabled[39m=[32m""[39m
    [33mtype[39m=[32m"button"[39m
  [36m/>[39m

  Name "Letter spacing increase":
  [36m<button[39m
    [33maria-label[39m=[32m"Letter spacing increase"[39m
    [33mclass[39m=[32m"_step_599c84 readable-tooltip"[39m
    [33mdata-tooltip[39m=[32m"Letter spacing increase"[39m
    [33mdisabled[39m=[32m""[39m
    [33mtype[39m=[32m"button"[39m
  [36m/>[39m

  Name "Undo":
  [36m<button[39m
    [33maria-label[39m=[32m"Undo"[39m
    [33mclass[39m=[32m"_button_ee6a60 _subtle_ee6a60 subtle _icon_ee6a60 icon-btn"[39m
    [33mdisabled[39m=[32m""[39m
    [33mtitle[39m=[32m"Undo"[39m
    [33mtype[39m=[32m"button"[39m
  [36m/>[39m

  Name "Redo":
  [36m<button[39m
    [33maria-label[39m=[32m"Redo"[39m
    [33mclass[39m=[32m"_button_ee6a60 _subtle_ee6a60 subtle _icon_ee6a60 icon-btn"[39m
    [33mdisabled[39m=[32m""[39m
    [33mtitle[39m=[32m"Redo"[39m
    [33mtype[39m=[32m"button"[39m
  [36m/>[39m

  Name "Fill":
  [36m<button[39m
    [33maria-expanded[39m=[32m"false"[39m
    [33maria-label[39m=[32m"Fill"[39m
    [33mclass[39m=[32m"_swatch_75e98d readable-tooltip"[39m
    [33mdata-tooltip[39m=[32m"Fill"[39m
    [33mstyle[39m=[32m"--swatch-color: transparent;"[39m
    [33mtitle[39m=[32m"Fill"[39m
    [33mtype[39m=[32m"button"[39m
  [36m/>[39m

  Name "Spacing":
  [36m<button[39m
    [33maria-expanded[39m=[32m"false"[39m
    [33maria-label[39m=[32m"Spacing"[39m
    [33mclass[39m=[32m"_button_ee6a60 _subtle_ee6a60 subtle _popoverButton_75e98d readable-tooltip"[39m
    [33mdata-tooltip[39m=[32m"Spacing"[39m
    [33mtype[39m=[32m"button"[39m
  [36m/>[39m

  Name "Border":
  [36m<button[39m
    [33maria-expanded[39m=[32m"false"[39m
    [33maria-label[39m=[32m"Border"[39m
    [33mclass[39m=[32m"_button_ee6a60 _subtle_ee6a60 subtle _popoverButton_75e98d readable-tooltip"[39m
    [33mdata-tooltip[39m=[32m"Border"[39m
    [33mtype[39m=[32m"button"[39m
  [36m/>[39m

  Name "More":
  [36m<button[39m
    [33maria-expanded[39m=[32m"false"[39m
    [33maria-label[39m=[32m"More"[39m
    [33mclass[39m=[32m"_button_ee6a60 _subtle_ee6a60 subtle _popoverButton_75e98d readable-tooltip"[39m
    [33mdata-tooltip[39m=[32m"More"[39m
    [33mtype[39m=[32m"button"[39m
  [36m/>[39m

  Name "Present":
  [36m<button[39m
    [33maria-expanded[39m=[32m"false"[39m
    [33maria-haspopup[39m=[32m"menu"[39m
    [33maria-label[39m=[32m"Present"[39m
    [33mclass[39m=[32m"chrome-action chrome-action-secondary chrome-action-icon present-trigger readable-tooltip"[39m
    [33mdata-tooltip[39m=[32m"Present"[39m
    [33mdata-tooltip-placement[39m=[32m"bottom"[39m
    [33mtitle[39m=[32m"Present"[39m
  [36m/>[39m

  Name "Share":
  [36m<button[39m
    [33maria-expanded[39m=[32m"false"[39m
    [33maria-haspopup[39m=[32m"menu"[39m
    [33maria-label[39m=[32m"Share"[39m
    [33mclass[39m=[32m"chrome-action chrome-action-secondary chrome-action-with-label chrome-action-text-only"[39m
    [33mtype[39m=[32m"button"[39m
  [36m/>[39m

  Name "Download":
  [36m<button[39m
    [33maria-expanded[39m=[32m"false"[39m
    [33maria-haspopup[39m=[32m"menu"[39m
    [33mclass[39m=[32m"chrome-action chrome-action-primary chrome-action-export"[39m
    [33mtype[39m=[32m"button"[39m
  [36m/>[39m

  Name "Resize top-left corner":
  [36m<button[39m
    [33maria-label[39m=[32m"Resize top-left corner"[39m
    [33mclass[39m=[32m"_handle_a82496 _handle-nw_a82496 "[39m
    [33mdata-direction[39m=[32m"nw"[39m
    [33mdisabled[39m=[32m""[39m
    [33mstyle[39m=[32m"left: 0px; top: 0px;"[39m
    [33mtabindex[39m=[32m"-1"[39m
    [33mtype[39m=[32m"button"[39m
  [36m/>[39m

  Name "Resize top edge":
  [36m<button[39m
    [33maria-label[39m=[32m"Resize top edge"[39m
    [33mclass[39m=[32m"_handle_a82496 _handle-n_a82496 "[39m
    [33mdata-direction[39m=[32m"n"[39m
    [33mdisabled[39m=[32m""[39m
    [33mstyle[39m=[32m"left: 320px; top: 0px;"[39m
    [33mtabindex[39m=[32m"-1"[39m
    [33mtype[39m=[32m"button"[39m
  [36m/>[39m

  Name "Resize top-right corner":
  [36m<button[39m
    [33maria-label[39m=[32m"Resize top-right corner"[39m
    [33mclass[39m=[32m"_handle_a82496 _handle-ne_a82496 "[39m
    [33mdata-direction[39m=[32m"ne"[39m
    [33mdisabled[39m=[32m""[39m
    [33mstyle[39m=[32m"left: 640px; top: 0px;"[39m
    [33mtabindex[39m=[32m"-1"[39m
    [33mtype[39m=[32m"button"[39m
  [36m/>[39m

  Name "Resize right edge":
  [36m<button[39m
    [33maria-label[39m=[32m"Resize right edge"[39m
    [33mclass[39m=[32m"_handle_a82496 _handle-e_a82496 "[39m
    [33mdata-direction[39m=[32m"e"[39m
    [33mdisabled[39m=[32m""[39m
    [33mstyle[39m=[32m"left: 640px; top: 40px;"[39m
    [33mtabindex[39m=[32m"-1"[39m
    [33mtype[39m=[32m"button"[39m
  [36m/>[39m

  Name "Resize bottom-right corner":
  [36m<button[39m
    [33maria-label[39m=[32m"Resize bottom-right corner"[39m
    [33mclass[39m=[32m"_handle_a82496 _handle-se_a82496 "[39m
    [33mdata-direction[39m=[32m"se"[39m
    [33mdisabled[39m=[32m""[39m
    [33mstyle[39m=[32m"left: 640px; top: 80px;"[39m
    [33mtabindex[39m=[32m"-1"[39m
    [33mtype[39m=[32m"button"[39m
  [36m/>[39m

  Name "Resize bottom edge":
  [36m<button[39m
    [33maria-label[39m=[32m"Resize bottom edge"[39m
    [33mclass[39m=[32m"_handle_a82496 _handle-s_a82496 "[39m
    [33mdata-direction[39m=[32m"s"[39m
    [33mdisabled[39m=[32m""[39m
    [33mstyle[39m=[32m"left: 320px; top: 80px;"[39m
    [33mtabindex[39m=[32m"-1"[39m
    [33mtype[39m=[32m"button"[39m
  [36m/>[39m

  Name "Resize bottom-left corner":
  [36m<button[39m
    [33maria-label[39m=[32m"Resize bottom-left corner"[39m
    [33mclass[39m=[32m"_handle_a82496 _handle-sw_a82496 "[39m
    [33mdata-direction[39m=[32m"sw"[39m
    [33mdisabled[39m=[32m""[39m
    [33mstyle[39m=[32m"left: 0px; top: 80px;"[39m
    [33mtabindex[39m=[32m"-1"[39m
    [33mtype[39m=[32m"button"[39m
  [36m/>[39m

  Name "Resize left edge":
  [36m<button[39m
    [33maria-label[39m=[32m"Resize left edge"[39m
    [33mclass[39m=[32m"_handle_a82496 _handle-w_a82496 "[39m
    [33mdata-direction[39m=[32m"w"[39m
    [33mdisabled[39m=[32m""[39m
    [33mstyle[39m=[32m"left: 0px; top: 40px;"[39m
    [33mtabindex[39m=[32m"-1"[39m
    [33mtype[39m=[32m"button"[39m
  [36m/>[39m

  --------------------------------------------------
  tablist:

  Name "View mode":
  [36m<div[39m
    [33maria-label[39m=[32m"View mode"[39m
    [33mclass[39m=[32m"viewer-tabs"[39m
    [33mrole[39m=[32m"tablist"[39m
  [36m/>[39m

  --------------------------------------------------
  tab:

  Name "Preview":
  [36m<button[39m
    [33maria-selected[39m=[32m"true"[39m
    [33mclass[39m=[32m"viewer-tab active"[39m
    [33mrole[39m=[32m"tab"[39m
    [33mtype[39m=[32m"button"[39m
  [36m/>[39m

  Name "Code":
  [36m<button[39m
    [33maria-selected[39m=[32m"false"[39m
    [33mclass[39m=[32m"viewer-tab "[39m
    [33mrole[39m=[32m"tab"[39m
    [33mtype[39m=[32m"button"[39m
  [36m/>[39m

  --------------------------------------------------
  toolbar:

  Name "Preview tools":
  [36m<div[39m
    [33maria-label[39m=[32m"Preview tools"[39m
    [33mclass[39m=[32m"viewer-tool-rail"[39m
    [33mrole[39m=[32m"toolbar"[39m
  [36m/>[39m

  --------------------------------------------------
  group:

  Name "Send to LLM":
  [36m<div[39m
    [33maria-label[39m=[32m"Send to LLM"[39m
    [33mclass[39m=[32m"viewer-tool-group viewer-tool-group-llm"[39m
    [33mrole[39m=[32m"group"[39m
  [36m/>[39m

  Name "Direct edit":
  [36m<div[39m
    [33maria-label[39m=[32m"Direct edit"[39m
    [33mclass[39m=[32m"viewer-tool-group viewer-tool-group-direct"[39m
    [33mrole[39m=[32m"group"[39m
  [36m/>[39m

  Name "Move element":
  [36m<div[39m
    [33maria-label[39m=[32m"Move element"[39m
    [33mclass[39m=[32m"_container_46ff88 _selected_46ff88"[39m
    [33mdata-readable-edit-primary-surface[39m=[32m"true"[39m
    [33mdata-readable-edit-selected-surface[39m=[32m"true"[39m
    [33mrole[39m=[32m"group"[39m
    [33mstyle[39m=[32m"left: 0px; top: 0px; width: 640px; height: 80px;"[39m
    [33mtabindex[39m=[32m"-1"[39m
  [36m/>[39m

  Name "Resize element":
  [36m<div[39m
    [33maria-label[39m=[32m"Resize element"[39m
    [33mclass[39m=[32m"_container_a82496"[39m
    [33mdata-readable-edit-selected-surface[39m=[32m"true"[39m
    [33mrole[39m=[32m"group"[39m
    [33mstyle[39m=[32m"left: 0px; top: 0px; width: 640px; height: 80px;"[39m
    [33mtabindex[39m=[32m"-1"[39m
  [36m/>[39m

  --------------------------------------------------
  combobox:

  Name "Font":
  [36m<input[39m
    [33maria-autocomplete[39m=[32m"list"[39m
    [33maria-controls[39m=[32m":rb:"[39m
    [33maria-expanded[39m=[32m"false"[39m
    [33maria-label[39m=[32m"Font"[39m
    [33mclass[39m=[32m"_fontInput_599c84"[39m
    [33mdata-tooltip[39m=[32m"Font"[39m
    [33mrole[39m=[32m"combobox"[39m
    [33mvalue[39m=[32m""[39m
  [36m/>[39m

  Name "Weight":
  [36m<select[39m
    [33maria-label[39m=[32m"Weight"[39m
    [33mclass[39m=[32m"_select_599c84"[39m
    [33mdata-tooltip[39m=[32m"Weight"[39m
  [36m/>[39m

  --------------------------------------------------
  textbox:

  Name "Font size":
  [36m<input[39m
    [33maria-label[39m=[32m"Font size"[39m
    [33mclass[39m=[32m"_stepInput_599c84"[39m
    [33minputmode[39m=[32m"decimal"[39m
    [33mvalue[39m=[32m""[39m
  [36m/>[39m

  Name "Line height":
  [36m<input[39m
    [33maria-label[39m=[32m"Line height"[39m
    [33mclass[39m=[32m"_stepInput_599c84"[39m
    [33minputmode[39m=[32m"decimal"[39m
    [33mvalue[39m=[32m""[39m
  [36m/>[39m

  Name "Letter spacing":
  [36m<input[39m
    [33maria-label[39m=[32m"Letter spacing"[39m
    [33mclass[39m=[32m"_stepInput_599c84"[39m
    [33minputmode[39m=[32m"decimal"[39m
    [33mvalue[39m=[32m""[39m
  [36m/>[39m

  Name "Width":
  [36m<input[39m
    [33maria-label[39m=[32m"Width"[39m
    [33minputmode[39m=[32m"decimal"[39m
    [33mvalue[39m=[32m"200"[39m
  [36m/>[39m

  Name "Height":
  [36m<input[39m
    [33maria-label[39m=[32m"Height"[39m
    [33minputmode[39m=[32m"decimal"[39m
    [33mvalue[39m=[32m""[39m
  [36m/>[39m

  Name "Radius":
  [36m<input[39m
    [33maria-label[39m=[32m"Radius"[39m
    [33minputmode[39m=[32m"decimal"[39m
    [33mvalue[39m=[32m""[39m
  [36m/>[39m

  Name "Opacity":
  [36m<input[39m
    [33maria-label[39m=[32m"Opacity"[39m
    [33minputmode[39m=[32m"decimal"[39m
    [33mvalue[39m=[32m""[39m
  [36m/>[39m

  --------------------------------------------------
  option:

  Name "–":
  [36m<option[39m
    [33mvalue[39m=[32m""[39m
  [36m/>[39m

  Name "100":
  [36m<option[39m
    [33mvalue[39m=[32m"100"[39m
  [36m/>[39m

  Name "200":
  [36m<option[39m
    [33mvalue[39m=[32m"200"[39m
  [36m/>[39m

  Name "300":
  [36m<option[39m
    [33mvalue[39m=[32m"300"[39m
  [36m/>[39m

  Name "400":
  [36m<option[39m
    [33mvalue[39m=[32m"400"[39m
  [36m/>[39m

  Name "500":
  [36m<option[39m
    [33mvalue[39m=[32m"500"[39m
  [36m/>[39m

  Name "600":
  [36m<option[39m
    [33mvalue[39m=[32m"600"[39m
  [36m/>[39m

  Name "700":
  [36m<option[39m
    [33mvalue[39m=[32m"700"[39m
  [36m/>[39m

  Name "800":
  [36m<option[39m
    [33mvalue[39m=[32m"800"[39m
  [36m/>[39m

  Name "900":
  [36m<option[39m
    [33mvalue[39m=[32m"900"[39m
  [36m/>[39m

  --------------------------------------------------
  emphasis:

  Name "":
  [36m<em />[39m

  Name "":
  [36m<em />[39m

  Name "":
  [36m<em />[39m

  --------------------------------------------------

Ignored nodes: comments, script, style
[36m<body>[39m
  [36m<div>[39m
    [36m<div[39m
      [33mclass[39m=[32m"viewer html-viewer"[39m
    [36m>[39m
      [36m<div[39m
        [33mclass[39m=[32m"viewer-toolbar"[39m
      [36m>[39m
        [36m<div[39m
          [33mclass[39m=[32m"viewer-toolbar-left"[39m
        [36m>[39m
          [36m<button[39m
            [33maria-label[39m=[32m"Reload Preview"[39m
            [33mclass[39m=[32m"icon-only readable-tooltip"[39m
            [33mdata-tooltip[39m=[32m"Reload Preview"[39m
            [33mdata-tooltip-placement[39m=[32m"bottom"[39m
            [33mtitle[39m=[32m"Reload Preview"[39m
            [33mtype[39m=[32m"button"[39m
          [36m>[39m
            [36m<svg[39m
              [33maria-hidden[39m=[32m"true"[39m
              [33mfill[39m=[32m"none"[39m
              [33mfocusable[39m=[32m"false"[39m
              [33mheight[39m=[32m"14"[39m
              [33mstroke[39m=[32m"currentColor"[39m
              [33mstroke-linecap[39m=[32m"round"[39m
              [33mstroke-linejoin[39m=[32m"round"[39m
              [33mstroke-width[39m=[32m"1.6"[39m
              [33mviewBox[39m=[32m"0 0 24 24"[39m
              [33mwidth[39m=[32m"14"[39m
            [36m>[39m
              [36m<path[39m
                [33md[39m=[32m"M21 12a9 9 0 1 1-3-6.7"[39m
              [36m/>[39m
              [36m<path[39m
                [33md[39m=[32m"M21 4v5h-5"[39m
              [36m/>[39m
            [36m</svg>[39m
          [36m</button>[39m
          [36m<div[39m
            [33maria-label[39m=[32m"View mode"[39m
            [33mclass[39m=[32m"viewer-tabs"[39m
            [33mrole[39m=[32m"tablist"[39m
          [36m>[39m
            [36m<button[39m
              [33maria-selected[39m=[32m"true"[39m
              [33mclass[39m=[32m"viewer-tab active"[39m
              [33mrole[39m=[32m"tab"[39m
              [33mtype[39m=[32m"button"[39m
            [36m>[39m
              [0mPreview[0m
            [36m</button>[39m
            [36m<button[39m
              [33maria-selected[39m=[32m"false"[39m
              [33mclass[39m=[32m"viewer-tab "[39m
              [33mrole[39m=[32m"tab"[39m
              [33mtype[39m=[32m"button"[39m
            [36m>[39m
              [0mCode[0m
            [36m</button>[39m
          [36m</div>[39m
        [36m</div>[39m
        [36m<div[39m
          [33maria-label[39m=[32m"Preview tools"[39m
          [33mclass[39m=[32m"viewer-tool-rail"[39m
          [33mrole[39m=[32m"toolbar"[39m
        [36m>[39m
          [36m<div[39m
            [33maria-label[39m=[32m"Send to LLM"[39m
            [33mclass[39m=[32m"viewer-tool-group viewer-tool-group-llm"[39m
            [33mrole[39m=[32m"group"[39m
          [36m>[39m
            [36m<span[39m
              [33mclass[39m=[32m"viewer-tool-group-label"[39m
            [36m>[39m
              [0mSend to LLM[0m
            [36m</span>[39m
            [36m<div[39m
              [33mclass[39m=[32m"artifact-tool-menu-anchor"[39m
            [36m>[39m
              [36m<button[39m
                [33maria-label[39m=[32m"Comment on element"[39m
                [33maria-pressed[39m=[32m"false"[39m
                [33mclass[39m=[32m"viewer-action viewer-action-icon viewer-comment-toggle readable-tooltip"[39m
                [33mdata-testid[39m=[32m"board-mode-toggle"[39m
                [33mdata-tooltip[39m=[32m"Comment on element"[39m
                [33mdata-tooltip-placement[39m=[32m"bottom"[39m
                [33mtitle[39m=[32m"Comment on element"[39m
                [33mtype[39m=[32m"button"[39m
              [36m>[39m
                [36m<i[39m
                  [33maria-hidden[39m=[32m"true"[39m
                  [33mclass[39m=[32m"ri-chat-new-line"[39m
                  [33mstyle[39m=[32m"font-size: 15px; line-height: 1; width: 15px; height: 15px; display: inline-flex; align-items: center; justify-content: center;"[39m
                [36m/>[39m
              [36m</button>[39m
            [36m</div>[39m
            [36m<button[39m
              [33maria-label[39m=[32m"Select range"[39m
              [33maria-pressed[39m=[32m"false"[39m
              [33mclass[39m=[32m"viewer-action viewer-action-icon readable-tooltip"[39m
              [33mdata-testid[39m=[32m"draw-overlay-toggle"[39m
              [33mdata-tooltip[39m=[32m"Select range"[39m
              [33mdata-tooltip-placement[39m=[32m"bottom"[39m
              [33mtitle[39m=[32m"Select range"[39m
              [33mtype[39m=[32m"button"[39m
            [36m>[39m
              [36m<i[39m
                [33maria-hidden[39m=[32m"true"[39m
                [33mclass[39m=[32m"ri-mark-pen-line"[39m
                [33mstyle[39m=[32m"font-size: 15px; line-height: 1; width: 15px; height: 15px; display: inline-flex; align-items: center; justify-content: center;"[39m
              [36m/>[39m
            [36m</button>[39m
          [36m</div>[39m
          [36m<span[39m
            [33maria-hidden[39m=[32m"true"[39m
            [33mclass[39m=[32m"viewer-tool-divider"[39m
          [36m/>[39m
          [36m<div[39m
            [33maria-label[39m=[32m"Direct edit"[39m
            [33mclass[39m=[32m"viewer-tool-group viewer-tool-group-direct"[39m
            [33mrole[39m=[32m"group"[39m
          [36m>[39m
            [36m<button[39m
              [33maria-label[39m=[32m"Edit"[39m
              [33maria-pressed[39m=[32m"true"[39m
              [33mclass[39m=[32m"viewer-action viewer-direct-edit readable-tooltip active"[39m
              [33mdata-testid[39m=[32m"manual-edit-mode-toggle"[39m
              [33mdata-tooltip[39m=[32m"Edit"[39m
              [33mdata-tooltip-placement[39m=[32m"bottom"[39m
              [33mtitle[39m=[32m"Edit"[39m
              [33mtype[39m=[32m"button"[39m
            [36m>[39m
              [36m<i[39m
                [33maria-hidden[39m=[32m"true"[39m
                [33mclass[39m=[32m"ri-edit-line"[39m
                [33mstyle[39m=[32m"font-size: 15px; line-height: 1; width: 15px; height: 15px; display: inline-flex; align-items: center; justify-content: center;"[39m
              [36m/>[39m
              [36m<span[39m
                [33mclass[39m=[32m"viewer-direct-edit-label"[39m
              [36m>[39m
                [0mDirect edit[0m
              [36m</span>[39m
            [36m</button>[39m
          [36m</div>[39m
        [36m</div>[39m
        [36m<div[39m
          [33mclass[39m=[32m"viewer-toolbar-utilities"[39m
        [36m>[39m
          [36m<button[39m
            [33maria-label[39m=[32m"Comments (0)"[39m
            [33maria-pressed[39m=[32m"false"[39m
         ...
 ❯ Object.getElementError ../../node_modules/.pnpm/@testing-library+dom@10.4.1/node_modules/@testing-library/dom/dist/config.js:37:19
 ❯ ../../node_modules/.pnpm/@testing-library+dom@10.4.1/node_modules/@testing-library/dom/dist/query-helpers.js:76:38
 ❯ ../../node_modules/.pnpm/@testing-library+dom@10.4.1/node_modules/@testing-library/dom/dist/query-helpers.js:52:17
 ❯ ../../node_modules/.pnpm/@testing-library+dom@10.4.1/node_modules/@testing-library/dom/dist/query-helpers.js:95:19
 ❯ tests/components/FileViewer.edit-cost.test.tsx:134:50
    132|   h.outgoing.mockClear();
    133|   // When
    134|   await act(async () => { fireEvent.click(screen.getByRole('button', {…
       |                                                  ^
    135|   await act(async () => { await h.saved; });
    136|   // Then
 ❯ ../../node_modules/.pnpm/@testing-library+react@16.3_8105afb30b3aed617b9ca863f1e5e96d/node_modules/@testing-library/react/dist/act-compat.js:47:24
 ❯ act ../../node_modules/.pnpm/react@18.3.1/node_modules/react/cjs/react.development.js:2512:16
 ❯ ../../node_modules/.pnpm/@testing-library+react@16.3_8105afb30b3aed617b9ca863f1e5e96d/node_modules/@testing-library/react/dist/act-compat.js:46:25
 ❯ tests/components/FileViewer.edit-cost.test.tsx:134:9

⎯⎯⎯⎯⎯⎯⎯⎯⎯⎯⎯⎯⎯⎯⎯⎯⎯⎯⎯⎯⎯⎯⎯[1/66]⎯

 FAIL  tests/components/FileViewer.manual-edit-dirty.test.tsx > FileViewer manual edit dirty-state persistence > persists and exits when re-clicking the edit tool while dirty
Error: Test timed out in 5000ms.
If this is a long-running test, pass a timeout value as the last argument or configure it globally with "testTimeout".
 ❯ tests/components/FileViewer.manual-edit-dirty.test.tsx:174:3
    172|   });
    173|
    174|   it('persists and exits when re-clicking the edit tool while dirty', …
       |   ^
    175|     const fetchMock = buildFetchMock();
    176|     vi.stubGlobal('fetch', fetchMock);

⎯⎯⎯⎯⎯⎯⎯⎯⎯⎯⎯⎯⎯⎯⎯⎯⎯⎯⎯⎯⎯⎯⎯[2/66]⎯

 FAIL  tests/components/FileViewer.manual-edit-dirty.test.tsx > FileViewer manual edit dirty-state persistence > explains the block with a toast when another tool is clicked while dirty
TestingLibraryElementError: Unable to find an element by: [data-testid="manual-edit-mode-toggle"]

Ignored nodes: comments, script, style
[36m<body>[39m
  [36m<div />[39m
[36m</body>[39m
 ❯ Object.getElementError ../../node_modules/.pnpm/@testing-library+dom@10.4.1/node_modules/@testing-library/dom/dist/config.js:37:19
 ❯ ../../node_modules/.pnpm/@testing-library+dom@10.4.1/node_modules/@testing-library/dom/dist/query-helpers.js:76:38
 ❯ ../../node_modules/.pnpm/@testing-library+dom@10.4.1/node_modules/@testing-library/dom/dist/query-helpers.js:52:17
 ❯ ../../node_modules/.pnpm/@testing-library+dom@10.4.1/node_modules/@testing-library/dom/dist/query-helpers.js:95:19
 ❯ clickManualTool tests/components/FileViewer.manual-edit-dirty.test.tsx:26:26
     24|
     25| function clickManualTool(testId: string) {
     26|   fireEvent.click(screen.getByTestId(testId));
       |                          ^
     27| }
     28|
 ❯ tests/components/FileViewer.manual-edit-dirty.test.tsx:195:5

⎯⎯⎯⎯⎯⎯⎯⎯⎯⎯⎯⎯⎯⎯⎯⎯⎯⎯⎯⎯⎯⎯⎯[3/66]⎯

 FAIL  tests/components/FileViewer.manual-edit-dirty.test.tsx > FileViewer manual edit dirty-state persistence > shows Save and Discard actions while dirty
TestingLibraryElementError: Unable to find an element by: [data-testid="manual-edit-mode-toggle"]

Ignored nodes: comments, script, style
[36m<body>[39m
  [36m<div[39m
    [33mid[39m=[32m"manual-edit-test-host"[39m
  [36m/>[39m
  [36m<div />[39m
[36m</body>[39m
 ❯ Object.getElementError ../../node_modules/.pnpm/@testing-library+dom@10.4.1/node_modules/@testing-library/dom/dist/config.js:37:19
 ❯ ../../node_modules/.pnpm/@testing-library+dom@10.4.1/node_modules/@testing-library/dom/dist/query-helpers.js:76:38
 ❯ ../../node_modules/.pnpm/@testing-library+dom@10.4.1/node_modules/@testing-library/dom/dist/query-helpers.js:52:17
 ❯ ../../node_modules/.pnpm/@testing-library+dom@10.4.1/node_modules/@testing-library/dom/dist/query-helpers.js:95:19
 ❯ clickManualTool tests/components/FileViewer.manual-edit-dirty.test.tsx:26:26
     24|
     25| function clickManualTool(testId: string) {
     26|   fireEvent.click(screen.getByTestId(testId));
       |                          ^
     27| }
     28|
 ❯ tests/components/FileViewer.manual-edit-dirty.test.tsx:225:5

⎯⎯⎯⎯⎯⎯⎯⎯⎯⎯⎯⎯⎯⎯⎯⎯⎯⎯⎯⎯⎯⎯⎯[4/66]⎯

 FAIL  tests/components/FileViewer.manual-edit-dirty.test.tsx > FileViewer manual edit dirty-state persistence > shows Save and Discard actions without a portal host when dirty
TestingLibraryElementError: Unable to find an element by: [data-testid="manual-edit-mode-toggle"]

Ignored nodes: comments, script, style
[36m<body>[39m
  [36m<div />[39m
[36m</body>[39m
 ❯ Object.getElementError ../../node_modules/.pnpm/@testing-library+dom@10.4.1/node_modules/@testing-library/dom/dist/config.js:37:19
 ❯ ../../node_modules/.pnpm/@testing-library+dom@10.4.1/node_modules/@testing-library/dom/dist/query-helpers.js:76:38
 ❯ ../../node_modules/.pnpm/@testing-library+dom@10.4.1/node_modules/@testing-library/dom/dist/query-helpers.js:52:17
 ❯ ../../node_modules/.pnpm/@testing-library+dom@10.4.1/node_modules/@testing-library/dom/dist/query-helpers.js:95:19
 ❯ clickManualTool tests/components/FileViewer.manual-edit-dirty.test.tsx:26:26
     24|
     25| function clickManualTool(testId: string) {
     26|   fireEvent.click(screen.getByTestId(testId));
       |                          ^
     27| }
     28|
 ❯ tests/components/FileViewer.manual-edit-dirty.test.tsx:241:5

⎯⎯⎯⎯⎯⎯⎯⎯⎯⎯⎯⎯⎯⎯⎯⎯⎯⎯⎯⎯⎯⎯⎯[5/66]⎯

 FAIL  tests/components/FileViewer.manual-edit-dirty.test.tsx > FileViewer manual edit dirty-state persistence > preserves the local preview when a watcher refresh arrives while dirty
TestingLibraryElementError: Unable to find an element by: [data-testid="manual-edit-mode-toggle"]

Ignored nodes: comments, script, style
[36m<body>[39m
  [36m<div />[39m
[36m</body>[39m
 ❯ Object.getElementError ../../node_modules/.pnpm/@testing-library+dom@10.4.1/node_modules/@testing-library/dom/dist/config.js:37:19
 ❯ ../../node_modules/.pnpm/@testing-library+dom@10.4.1/node_modules/@testing-library/dom/dist/query-helpers.js:76:38
 ❯ ../../node_modules/.pnpm/@testing-library+dom@10.4.1/node_modules/@testing-library/dom/dist/query-helpers.js:52:17
 ❯ ../../node_modules/.pnpm/@testing-library+dom@10.4.1/node_modules/@testing-library/dom/dist/query-helpers.js:95:19
 ❯ clickManualTool tests/components/FileViewer.manual-edit-dirty.test.tsx:26:26
     24|
     25| function clickManualTool(testId: string) {
     26|   fireEvent.click(screen.getByTestId(testId));
       |                          ^
     27| }
     28|
 ❯ tests/components/FileViewer.manual-edit-dirty.test.tsx:258:5

⎯⎯⎯⎯⎯⎯⎯⎯⎯⎯⎯⎯⎯⎯⎯⎯⎯⎯⎯⎯⎯⎯⎯[6/66]⎯

 FAIL  tests/components/FileViewer.manual-edit-dirty.test.tsx > FileViewer manual edit dirty-state persistence > hides dirty actions after undo restores the exact original source
TestingLibraryElementError: Unable to find an element by: [data-testid="manual-edit-mode-toggle"]

Ignored nodes: comments, script, style
[36m<body>[39m
  [36m<div />[39m
[36m</body>[39m
 ❯ Object.getElementError ../../node_modules/.pnpm/@testing-library+dom@10.4.1/node_modules/@testing-library/dom/dist/config.js:37:19
 ❯ ../../node_modules/.pnpm/@testing-library+dom@10.4.1/node_modules/@testing-library/dom/dist/query-helpers.js:76:38
 ❯ ../../node_modules/.pnpm/@testing-library+dom@10.4.1/node_modules/@testing-library/dom/dist/query-helpers.js:52:17
 ❯ ../../node_modules/.pnpm/@testing-library+dom@10.4.1/node_modules/@testing-library/dom/dist/query-helpers.js:95:19
 ❯ clickManualTool tests/components/FileViewer.manual-edit-dirty.test.tsx:26:26
     24|
     25| function clickManualTool(testId: string) {
     26|   fireEvent.click(screen.getByTestId(testId));
       |                          ^
     27| }
     28|
 ❯ tests/components/FileViewer.manual-edit-dirty.test.tsx:290:5

⎯⎯⎯⎯⎯⎯⎯⎯⎯⎯⎯⎯⎯⎯⎯⎯⎯⎯⎯⎯⎯⎯⎯[7/66]⎯

 FAIL  tests/components/FileViewer.manual-edit-dirty.test.tsx > FileViewer manual edit dirty-state persistence > saves with exactly one POST and exits on success
TestingLibraryElementError: Unable to find an element by: [data-testid="manual-edit-mode-toggle"]

Ignored nodes: comments, script, style
[36m<body>[39m
  [36m<div[39m
    [33mid[39m=[32m"manual-edit-test-host"[39m
  [36m/>[39m
  [36m<div />[39m
[36m</body>[39m
 ❯ Object.getElementError ../../node_modules/.pnpm/@testing-library+dom@10.4.1/node_modules/@testing-library/dom/dist/config.js:37:19
 ❯ ../../node_modules/.pnpm/@testing-library+dom@10.4.1/node_modules/@testing-library/dom/dist/query-helpers.js:76:38
 ❯ ../../node_modules/.pnpm/@testing-library+dom@10.4.1/node_modules/@testing-library/dom/dist/query-helpers.js:52:17
 ❯ ../../node_modules/.pnpm/@testing-library+dom@10.4.1/node_modules/@testing-library/dom/dist/query-helpers.js:95:19
 ❯ clickManualTool tests/components/FileViewer.manual-edit-dirty.test.tsx:26:26
     24|
     25| function clickManualTool(testId: string) {
     26|   fireEvent.click(screen.getByTestId(testId));
       |                          ^
     27| }
     28|
 ❯ tests/components/FileViewer.manual-edit-dirty.test.tsx:329:5

⎯⎯⎯⎯⎯⎯⎯⎯⎯⎯⎯⎯⎯⎯⎯⎯⎯⎯⎯⎯⎯⎯⎯[8/66]⎯

 FAIL  tests/components/FileViewer.manual-edit-dirty.test.tsx > FileViewer manual edit dirty-state persistence > exits edit mode without a duplicate save when post-save refresh rejects
TestingLibraryElementError: Unable to find an element by: [data-testid="manual-edit-mode-toggle"]

Ignored nodes: comments, script, style
[36m<body>[39m
  [36m<div />[39m
[36m</body>[39m
 ❯ Object.getElementError ../../node_modules/.pnpm/@testing-library+dom@10.4.1/node_modules/@testing-library/dom/dist/config.js:37:19
 ❯ ../../node_modules/.pnpm/@testing-library+dom@10.4.1/node_modules/@testing-library/dom/dist/query-helpers.js:76:38
 ❯ ../../node_modules/.pnpm/@testing-library+dom@10.4.1/node_modules/@testing-library/dom/dist/query-helpers.js:52:17
 ❯ ../../node_modules/.pnpm/@testing-library+dom@10.4.1/node_modules/@testing-library/dom/dist/query-helpers.js:95:19
 ❯ clickManualTool tests/components/FileViewer.manual-edit-dirty.test.tsx:26:26
     24|
     25| function clickManualTool(testId: string) {
     26|   fireEvent.click(screen.getByTestId(testId));
       |                          ^
     27| }
     28|
 ❯ tests/components/FileViewer.manual-edit-dirty.test.tsx:376:5

⎯⎯⎯⎯⎯⎯⎯⎯⎯⎯⎯⎯⎯⎯⎯⎯⎯⎯⎯⎯⎯⎯⎯[9/66]⎯

 FAIL  tests/components/FileViewer.manual-edit-dirty.test.tsx > FileViewer manual edit dirty-state persistence > discards without writing and restores the original preview
TestingLibraryElementError: Unable to find an element by: [data-testid="manual-edit-mode-toggle"]

Ignored nodes: comments, script, style
[36m<body>[39m
  [36m<div[39m
    [33mid[39m=[32m"manual-edit-test-host"[39m
  [36m/>[39m
  [36m<div />[39m
[36m</body>[39m
 ❯ Object.getElementError ../../node_modules/.pnpm/@testing-library+dom@10.4.1/node_modules/@testing-library/dom/dist/config.js:37:19
 ❯ ../../node_modules/.pnpm/@testing-library+dom@10.4.1/node_modules/@testing-library/dom/dist/query-helpers.js:76:38
 ❯ ../../node_modules/.pnpm/@testing-library+dom@10.4.1/node_modules/@testing-library/dom/dist/query-helpers.js:52:17
 ❯ ../../node_modules/.pnpm/@testing-library+dom@10.4.1/node_modules/@testing-library/dom/dist/query-helpers.js:95:19
 ❯ clickManualTool tests/components/FileViewer.manual-edit-dirty.test.tsx:26:26
     24|
     25| function clickManualTool(testId: string) {
     26|   fireEvent.click(screen.getByTestId(testId));
       |                          ^
     27| }
     28|
 ❯ tests/components/FileViewer.manual-edit-dirty.test.tsx:414:5

⎯⎯⎯⎯⎯⎯⎯⎯⎯⎯⎯⎯⎯⎯⎯⎯⎯⎯⎯⎯⎯⎯[10/66]⎯

 FAIL  tests/components/FileViewer.manual-edit-dirty.test.tsx > FileViewer manual edit dirty-state persistence > retains edits and actions when Save conflicts
TestingLibraryElementError: Unable to find an element by: [data-testid="manual-edit-mode-toggle"]

Ignored nodes: comments, script, style
[36m<body>[39m
  [36m<div />[39m
[36m</body>[39m
 ❯ Object.getElementError ../../node_modules/.pnpm/@testing-library+dom@10.4.1/node_modules/@testing-library/dom/dist/config.js:37:19
 ❯ ../../node_modules/.pnpm/@testing-library+dom@10.4.1/node_modules/@testing-library/dom/dist/query-helpers.js:76:38
 ❯ ../../node_modules/.pnpm/@testing-library+dom@10.4.1/node_modules/@testing-library/dom/dist/query-helpers.js:52:17
 ❯ ../../node_modules/.pnpm/@testing-library+dom@10.4.1/node_modules/@testing-library/dom/dist/query-helpers.js:95:19
 ❯ clickManualTool tests/components/FileViewer.manual-edit-dirty.test.tsx:26:26
     24|
     25| function clickManualTool(testId: string) {
     26|   fireEvent.click(screen.getByTestId(testId));
       |                          ^
     27| }
     28|
 ❯ tests/components/FileViewer.manual-edit-dirty.test.tsx:457:5

⎯⎯⎯⎯⎯⎯⎯⎯⎯⎯⎯⎯⎯⎯⎯⎯⎯⎯⎯⎯⎯⎯[11/66]⎯

 FAIL  tests/components/FileViewer.manual-edit-dirty.test.tsx > FileViewer manual edit dirty-state persistence > keeps edit mode active and dirty when Save fails
TestingLibraryElementError: Unable to find an element by: [data-testid="manual-edit-mode-toggle"]

Ignored nodes: comments, script, style
[36m<body>[39m
  [36m<div[39m
    [33mid[39m=[32m"manual-edit-test-host"[39m
  [36m/>[39m
  [36m<div />[39m
[36m</body>[39m
 ❯ Object.getElementError ../../node_modules/.pnpm/@testing-library+dom@10.4.1/node_modules/@testing-library/dom/dist/config.js:37:19
 ❯ ../../node_modules/.pnpm/@testing-library+dom@10.4.1/node_modules/@testing-library/dom/dist/query-helpers.js:76:38
 ❯ ../../node_modules/.pnpm/@testing-library+dom@10.4.1/node_modules/@testing-library/dom/dist/query-helpers.js:52:17
 ❯ ../../node_modules/.pnpm/@testing-library+dom@10.4.1/node_modules/@testing-library/dom/dist/query-helpers.js:95:19
 ❯ clickManualTool tests/components/FileViewer.manual-edit-dirty.test.tsx:26:26
     24|
     25| function clickManualTool(testId: string) {
     26|   fireEvent.click(screen.getByTestId(testId));
       |                          ^
     27| }
     28|
 ❯ tests/components/FileViewer.manual-edit-dirty.test.tsx:486:5

⎯⎯⎯⎯⎯⎯⎯⎯⎯⎯⎯⎯⎯⎯⎯⎯⎯⎯⎯⎯⎯⎯[12/66]⎯

 FAIL  tests/components/FileViewer.manual-edit-gesture-refresh.test.tsx > gesture continuity with full performance profile > completes one undoable resize gesture when a live transition is blocked mid-gesture
 FAIL  tests/components/FileViewer.manual-edit-gesture-refresh.test.tsx > gesture continuity with full performance profile > completes one undoable resize gesture when a raw transition is blocked mid-gesture
 FAIL  tests/components/FileViewer.manual-edit-gesture-refresh.test.tsx > gesture continuity with full performance profile > completes one undoable resize gesture when a close transition is blocked mid-gesture
 FAIL  tests/components/FileViewer.manual-edit-gesture-refresh.test.tsx > gesture continuity with low performance profile > completes one undoable resize gesture when a live transition is blocked mid-gesture
 FAIL  tests/components/FileViewer.manual-edit-gesture-refresh.test.tsx > gesture continuity with low performance profile > completes one undoable resize gesture when a raw transition is blocked mid-gesture
 FAIL  tests/components/FileViewer.manual-edit-gesture-refresh.test.tsx > gesture continuity with low performance profile > completes one undoable resize gesture when a close transition is blocked mid-gesture
AssertionError: expected <button type="button" …(4)>…(1)</button> to have property "disabled" with value false

- Expected
+ Received

- false
+ true

 ❯ tests/components/FileViewer.manual-edit-gesture-refresh.test.tsx:88:58
     86|     // Then: one history entry covers the complete gesture, and Save p…
     87|     expect(writes).toHaveLength(0);
     88|     expect(screen.getByRole('button', { name: 'Undo' })).toHavePropert…
       |                                                          ^
     89|     await act(async () => { fireEvent.click(screen.getByRole('button',…
     90|     expect(screen.getByRole('button', { name: 'Undo' })).toHavePropert…

⎯⎯⎯⎯⎯⎯⎯⎯⎯⎯⎯⎯⎯⎯⎯⎯⎯⎯⎯⎯⎯⎯[13/66]⎯

 FAIL  tests/components/FileViewer.manual-edit-save-flush.test.tsx > Save flushes the real contenteditable bridge with full host profile > persists an active plain line-break edit together with movement and a pending style via save
 FAIL  tests/components/FileViewer.manual-edit-save-flush.test.tsx > Save flushes the real contenteditable bridge with full host profile > persists an active rich line-break edit together with movement and a pending style via save
 FAIL  tests/components/FileViewer.manual-edit-save-flush.test.tsx > Save flushes the real contenteditable bridge with full host profile > persists an active plain line-break edit together with movement and a pending style via toggle
 FAIL  tests/components/FileViewer.manual-edit-save-flush.test.tsx > Save flushes the real contenteditable bridge with full host profile > persists an active rich line-break edit together with movement and a pending style via toggle
 FAIL  tests/components/FileViewer.manual-edit-save-flush.test.tsx > Save flushes the real contenteditable bridge with low host profile > persists an active plain line-break edit together with movement and a pending style via save
 FAIL  tests/components/FileViewer.manual-edit-save-flush.test.tsx > Save flushes the real contenteditable bridge with low host profile > persists an active rich line-break edit together with movement and a pending style via save
 FAIL  tests/components/FileViewer.manual-edit-save-flush.test.tsx > Save flushes the real contenteditable bridge with low host profile > persists an active plain line-break edit together with movement and a pending style via toggle
 FAIL  tests/components/FileViewer.manual-edit-save-flush.test.tsx > Save flushes the real contenteditable bridge with low host profile > persists an active rich line-break edit together with movement and a pending style via toggle
AssertionError: expected '' to be '200px' // Object.is equality

- Expected
+ Received

- 200px

 ❯ tests/components/FileViewer.manual-edit-save-flush.test.tsx:93:48
     91|     const saved = doc.querySelector('[data-readable-id="hero"]')!;
     92|     expect(saved.textContent).toBe('First second');
     93|     expect((saved as HTMLElement).style.width).toBe('200px');
       |                                                ^
     94|     expect((saved as HTMLElement).style.translate).toBe('30px 40px');
     95|     expect(saved.querySelector('strong') !== null).toBe(kind === 'rich…

⎯⎯⎯⎯⎯⎯⎯⎯⎯⎯⎯⎯⎯⎯⎯⎯⎯⎯⎯⎯⎯⎯[14/66]⎯

 FAIL  tests/components/FileViewer.manual-edit-save-flush.test.tsx > Save flushes the real contenteditable bridge with full host profile > preserves an open resize movement across a watcher refresh and flushes it before Reload
 FAIL  tests/components/FileViewer.manual-edit-save-flush.test.tsx > Save flushes the real contenteditable bridge with low host profile > preserves an open resize movement across a watcher refresh and flushes it before Reload
AssertionError: expected true to be false // Object.is equality

- Expected
+ Received

- false
+ true

 ❯ tests/components/FileViewer.manual-edit-save-flush.test.tsx:155:90
    153|     await act(async () => { fireEvent.click(screen.getByRole('button',…
    154|     await harness.drain();
    155|     expect((screen.getByRole('button', { name: 'Undo' }) as HTMLButton…
       |                                                                                          ^
    156|     expect(harness.frame.srcdoc).not.toContain('Agent');
    157|     await act(async () => { fireEvent.click(screen.getByRole('button',…

⎯⎯⎯⎯⎯⎯⎯⎯⎯⎯⎯⎯⎯⎯⎯⎯⎯⎯⎯⎯⎯⎯[15/66]⎯

 FAIL  tests/components/FileViewer.manual-edit-save-flush.test.tsx > Save flushes the real contenteditable bridge with full host profile > flushes a still-live session even when its element is no longer focused
TestingLibraryElementError: Unable to find an accessible element with the role "button" and name "Save changes"

Here are the accessible roles:

  button:

  Name "Reload Preview":
  [36m<button[39m
    [33maria-label[39m=[32m"Reload Preview"[39m
    [33mclass[39m=[32m"icon-only readable-tooltip"[39m
    [33mdata-tooltip[39m=[32m"Reload Preview"[39m
    [33mdata-tooltip-placement[39m=[32m"bottom"[39m
    [33mtitle[39m=[32m"Reload Preview"[39m
    [33mtype[39m=[32m"button"[39m
  [36m/>[39m

  Name "Comment on element":
  [36m<button[39m
    [33maria-label[39m=[32m"Comment on element"[39m
    [33maria-pressed[39m=[32m"false"[39m
    [33mclass[39m=[32m"viewer-action viewer-action-icon viewer-comment-toggle readable-tooltip"[39m
    [33mdata-testid[39m=[32m"board-mode-toggle"[39m
    [33mdata-tooltip[39m=[32m"Comment on element"[39m
    [33mdata-tooltip-placement[39m=[32m"bottom"[39m
    [33mtitle[39m=[32m"Comment on element"[39m
    [33mtype[39m=[32m"button"[39m
  [36m/>[39m

  Name "Select range":
  [36m<button[39m
    [33maria-label[39m=[32m"Select range"[39m
    [33maria-pressed[39m=[32m"false"[39m
    [33mclass[39m=[32m"viewer-action viewer-action-icon readable-tooltip"[39m
    [33mdata-testid[39m=[32m"draw-overlay-toggle"[39m
    [33mdata-tooltip[39m=[32m"Select range"[39m
    [33mdata-tooltip-placement[39m=[32m"bottom"[39m
    [33mtitle[39m=[32m"Select range"[39m
    [33mtype[39m=[32m"button"[39m
  [36m/>[39m

  Name "Edit":
  [36m<button[39m
    [33maria-label[39m=[32m"Edit"[39m
    [33maria-pressed[39m=[32m"true"[39m
    [33mclass[39m=[32m"viewer-action viewer-direct-edit readable-tooltip active"[39m
    [33mdata-testid[39m=[32m"manual-edit-mode-toggle"[39m
    [33mdata-tooltip[39m=[32m"Edit"[39m
    [33mdata-tooltip-placement[39m=[32m"bottom"[39m
    [33mtitle[39m=[32m"Edit"[39m
    [33mtype[39m=[32m"button"[39m
  [36m/>[39m

  Name "Comments (0)":
  [36m<button[39m
    [33maria-label[39m=[32m"Comments (0)"[39m
    [33maria-pressed[39m=[32m"false"[39m
    [33mclass[39m=[32m"viewer-action viewer-comment-count-trigger viewer-comment-toggle readable-tooltip"[39m
    [33mdata-testid[39m=[32m"comment-panel-toggle"[39m
    [33mdata-tooltip[39m=[32m"Comments"[39m
    [33mdata-tooltip-placement[39m=[32m"bottom"[39m
    [33mtitle[39m=[32m"Comments"[39m
    [33mtype[39m=[32m"button"[39m
  [36m/>[39m

  Name "100%":
  [36m<button[39m
    [33maria-expanded[39m=[32m"false"[39m
    [33maria-haspopup[39m=[32m"menu"[39m
    [33mclass[39m=[32m"viewer-action zoom-trigger readable-tooltip"[39m
    [33mdata-tooltip[39m=[32m"Reset zoom"[39m
    [33mdata-tooltip-placement[39m=[32m"bottom"[39m
    [33mtitle[39m=[32m"Reset zoom"[39m
    [33mtype[39m=[32m"button"[39m
  [36m/>[39m

  Name "Font size decrease":
  [36m<button[39m
    [33maria-label[39m=[32m"Font size decrease"[39m
    [33mclass[39m=[32m"_step_599c84 readable-tooltip"[39m
    [33mdata-tooltip[39m=[32m"Font size decrease"[39m
    [33mdisabled[39m=[32m""[39m
    [33mtype[39m=[32m"button"[39m
  [36m/>[39m

  Name "Font size increase":
  [36m<button[39m
    [33maria-label[39m=[32m"Font size increase"[39m
    [33mclass[39m=[32m"_step_599c84 readable-tooltip"[39m
    [33mdata-tooltip[39m=[32m"Font size increase"[39m
    [33mdisabled[39m=[32m""[39m
    [33mtype[39m=[32m"button"[39m
  [36m/>[39m

  Name "Bold":
  [36m<button[39m
    [33maria-label[39m=[32m"Bold"[39m
    [33maria-pressed[39m=[32m"false"[39m
    [33mclass[39m=[32m"_button_ee6a60 _subtle_ee6a60 subtle _icon_ee6a60 icon-btn readable-tooltip"[39m
    [33mdata-tooltip[39m=[32m"Bold"[39m
    [33mdisabled[39m=[32m""[39m
    [33mtype[39m=[32m"button"[39m
  [36m/>[39m

  Name "Italic":
  [36m<button[39m
    [33maria-label[39m=[32m"Italic"[39m
    [33maria-pressed[39m=[32m"false"[39m
    [33mclass[39m=[32m"_button_ee6a60 _subtle_ee6a60 subtle _icon_ee6a60 icon-btn readable-tooltip"[39m
    [33mdata-tooltip[39m=[32m"Italic"[39m
    [33mdisabled[39m=[32m""[39m
    [33mtype[39m=[32m"button"[39m
  [36m/>[39m

  Name "Underline":
  [36m<button[39m
    [33maria-label[39m=[32m"Underline"[39m
    [33maria-pressed[39m=[32m"false"[39m
    [33mclass[39m=[32m"_button_ee6a60 _subtle_ee6a60 subtle _icon_ee6a60 icon-btn readable-tooltip"[39m
    [33mdata-tooltip[39m=[32m"Underline"[39m
    [33mdisabled[39m=[32m""[39m
    [33mtype[39m=[32m"button"[39m
  [36m/>[39m

  Name "Text color":
  [36m<button[39m
    [33maria-expanded[39m=[32m"false"[39m
    [33maria-label[39m=[32m"Text color"[39m
    [33mclass[39m=[32m"_swatch_599c84 readable-tooltip"[39m
    [33mdata-tooltip[39m=[32m"Text color"[39m
    [33mstyle[39m=[32m"--swatch-color: transparent;"[39m
    [33mtype[39m=[32m"button"[39m
  [36m/>[39m

  Name "Align left":
  [36m<button[39m
    [33maria-label[39m=[32m"Align left"[39m
    [33maria-pressed[39m=[32m"false"[39m
    [33mclass[39m=[32m"_button_ee6a60 _subtle_ee6a60 subtle _icon_ee6a60 icon-btn readable-tooltip"[39m
    [33mdata-tooltip[39m=[32m"Align left"[39m
    [33mtype[39m=[32m"button"[39m
  [36m/>[39m

  Name "Align center":
  [36m<button[39m
    [33maria-label[39m=[32m"Align center"[39m
    [33maria-pressed[39m=[32m"false"[39m
    [33mclass[39m=[32m"_button_ee6a60 _subtle_ee6a60 subtle _icon_ee6a60 icon-btn readable-tooltip"[39m
    [33mdata-tooltip[39m=[32m"Align center"[39m
    [33mtype[39m=[32m"button"[39m
  [36m/>[39m

  Name "Align right":
  [36m<button[39m
    [33maria-label[39m=[32m"Align right"[39m
    [33maria-pressed[39m=[32m"false"[39m
    [33mclass[39m=[32m"_button_ee6a60 _subtle_ee6a60 subtle _icon_ee6a60 icon-btn readable-tooltip"[39m
    [33mdata-tooltip[39m=[32m"Align right"[39m
    [33mtype[39m=[32m"button"[39m
  [36m/>[39m

  Name "Justify":
  [36m<button[39m
    [33maria-label[39m=[32m"Justify"[39m
    [33maria-pressed[39m=[32m"false"[39m
    [33mclass[39m=[32m"_button_ee6a60 _subtle_ee6a60 subtle _icon_ee6a60 icon-btn readable-tooltip"[39m
    [33mdata-tooltip[39m=[32m"Justify"[39m
    [33mtype[39m=[32m"button"[39m
  [36m/>[39m

  Name "Line height decrease":
  [36m<button[39m
    [33maria-label[39m=[32m"Line height decrease"[39m
    [33mclass[39m=[32m"_step_599c84 readable-tooltip"[39m
    [33mdata-tooltip[39m=[32m"Line height decrease"[39m
    [33mdisabled[39m=[32m""[39m
    [33mtype[39m=[32m"button"[39m
  [36m/>[39m

  Name "Line height increase":
  [36m<button[39m
    [33maria-label[39m=[32m"Line height increase"[39m
    [33mclass[39m=[32m"_step_599c84 readable-tooltip"[39m
    [33mdata-tooltip[39m=[32m"Line height increase"[39m
    [33mdisabled[39m=[32m""[39m
    [33mtype[39m=[32m"button"[39m
  [36m/>[39m

  Name "Letter spacing decrease":
  [36m<button[39m
    [33maria-label[39m=[32m"Letter spacing decrease"[39m
    [33mclass[39m=[32m"_step_599c84 readable-tooltip"[39m
    [33mdata-tooltip[39m=[32m"Letter spacing decrease"[39m
    [33mdisabled[39m=[32m""[39m
    [33mtype[39m=[32m"button"[39m
  [36m/>[39m

  Name "Letter spacing increase":
  [36m<button[39m
    [33maria-label[39m=[32m"Letter spacing increase"[39m
    [33mclass[39m=[32m"_step_599c84 readable-tooltip"[39m
    [33mdata-tooltip[39m=[32m"Letter spacing increase"[39m
    [33mdisabled[39m=[32m""[39m
    [33mtype[39m=[32m"button"[39m
  [36m/>[39m

  Name "Undo":
  [36m<button[39m
    [33maria-label[39m=[32m"Undo"[39m
    [33mclass[39m=[32m"_button_ee6a60 _subtle_ee6a60 subtle _icon_ee6a60 icon-btn"[39m
    [33mdisabled[39m=[32m""[39m
    [33mtitle[39m=[32m"Undo"[39m
    [33mtype[39m=[32m"button"[39m
  [36m/>[39m

  Name "Redo":
  [36m<button[39m
    [33maria-label[39m=[32m"Redo"[39m
    [33mclass[39m=[32m"_button_ee6a60 _subtle_ee6a60 subtle _icon_ee6a60 icon-btn"[39m
    [33mdisabled[39m=[32m""[39m
    [33mtitle[39m=[32m"Redo"[39m
    [33mtype[39m=[32m"button"[39m
  [36m/>[39m

  Name "Fill":
  [36m<button[39m
    [33maria-expanded[39m=[32m"false"[39m
    [33maria-label[39m=[32m"Fill"[39m
    [33mclass[39m=[32m"_swatch_75e98d readable-tooltip"[39m
    [33mdata-tooltip[39m=[32m"Fill"[39m
    [33mstyle[39m=[32m"--swatch-color: transparent;"[39m
    [33mtitle[39m=[32m"Fill"[39m
    [33mtype[39m=[32m"button"[39m
  [36m/>[39m

  Name "Spacing":
  [36m<button[39m
    [33maria-expanded[39m=[32m"false"[39m
    [33maria-label[39m=[32m"Spacing"[39m
    [33mclass[39m=[32m"_button_ee6a60 _subtle_ee6a60 subtle _popoverButton_75e98d readable-tooltip"[39m
    [33mdata-tooltip[39m=[32m"Spacing"[39m
    [33mtype[39m=[32m"button"[39m
  [36m/>[39m

  Name "Border":
  [36m<button[39m
    [33maria-expanded[39m=[32m"false"[39m
    [33maria-label[39m=[32m"Border"[39m
    [33mclass[39m=[32m"_button_ee6a60 _subtle_ee6a60 subtle _popoverButton_75e98d readable-tooltip"[39m
    [33mdata-tooltip[39m=[32m"Border"[39m
    [33mtype[39m=[32m"button"[39m
  [36m/>[39m

  Name "More":
  [36m<button[39m
    [33maria-expanded[39m=[32m"false"[39m
    [33maria-label[39m=[32m"More"[39m
    [33mclass[39m=[32m"_button_ee6a60 _subtle_ee6a60 subtle _popoverButton_75e98d readable-tooltip"[39m
    [33mdata-tooltip[39m=[32m"More"[39m
    [33mtype[39m=[32m"button"[39m
  [36m/>[39m

  Name "Present":
  [36m<button[39m
    [33maria-expanded[39m=[32m"false"[39m
    [33maria-haspopup[39m=[32m"menu"[39m
    [33maria-label[39m=[32m"Present"[39m
    [33mclass[39m=[32m"chrome-action chrome-action-secondary chrome-action-icon present-trigger readable-tooltip"[39m
    [33mdata-tooltip[39m=[32m"Present"[39m
    [33mdata-tooltip-placement[39m=[32m"bottom"[39m
    [33mtitle[39m=[32m"Present"[39m
  [36m/>[39m

  Name "Share":
  [36m<button[39m
    [33maria-expanded[39m=[32m"false"[39m
    [33maria-haspopup[39m=[32m"menu"[39m
    [33maria-label[39m=[32m"Share"[39m
    [33mclass[39m=[32m"chrome-action chrome-action-secondary chrome-action-with-label chrome-action-text-only"[39m
    [33mtype[39m=[32m"button"[39m
  [36m/>[39m

  Name "Download":
  [36m<button[39m
    [33maria-expanded[39m=[32m"false"[39m
    [33maria-haspopup[39m=[32m"menu"[39m
    [33mclass[39m=[32m"chrome-action chrome-action-primary chrome-action-export"[39m
    [33mtype[39m=[32m"button"[39m
  [36m/>[39m

  Name "Resize top-left corner":
  [36m<button[39m
    [33maria-label[39m=[32m"Resize top-left corner"[39m
    [33mclass[39m=[32m"_handle_a82496 _handle-nw_a82496 "[39m
    [33mdata-direction[39m=[32m"nw"[39m
    [33mstyle[39m=[32m"left: 0px; top: 0px;"[39m
    [33mtabindex[39m=[32m"-1"[39m
    [33mtype[39m=[32m"button"[39m
  [36m/>[39m

  Name "Resize top edge":
  [36m<button[39m
    [33maria-label[39m=[32m"Resize top edge"[39m
    [33mclass[39m=[32m"_handle_a82496 _handle-n_a82496 "[39m
    [33mdata-direction[39m=[32m"n"[39m
    [33mstyle[39m=[32m"left: 10px; top: 0px;"[39m
    [33mtabindex[39m=[32m"-1"[39m
    [33mtype[39m=[32m"button"[39m
  [36m/>[39m

  Name "Resize top-right corner":
  [36m<button[39m
    [33maria-label[39m=[32m"Resize top-right corner"[39m
    [33mclass[39m=[32m"_handle_a82496 _handle-ne_a82496 "[39m
    [33mdata-direction[39m=[32m"ne"[39m
    [33mstyle[39m=[32m"left: 20px; top: 0px;"[39m
    [33mtabindex[39m=[32m"-1"[39m
    [33mtype[39m=[32m"button"[39m
  [36m/>[39m

  Name "Resize right edge":
  [36m<button[39m
    [33maria-label[39m=[32m"Resize right edge"[39m
    [33mclass[39m=[32m"_handle_a82496 _handle-e_a82496 "[39m
    [33mdata-direction[39m=[32m"e"[39m
    [33mstyle[39m=[32m"left: 20px; top: 10px;"[39m
    [33mtabindex[39m=[32m"-1"[39m
    [33mtype[39m=[32m"button"[39m
  [36m/>[39m

  Name "Resize bottom-right corner":
  [36m<button[39m
    [33maria-label[39m=[32m"Resize bottom-right corner"[39m
    [33mclass[39m=[32m"_handle_a82496 _handle-se_a82496 "[39m
    [33mdata-direction[39m=[32m"se"[39m
    [33mstyle[39m=[32m"left: 20px; top: 20px;"[39m
    [33mtabindex[39m=[32m"-1"[39m
    [33mtype[39m=[32m"button"[39m
  [36m/>[39m

  Name "Resize bottom edge":
  [36m<button[39m
    [33maria-label[39m=[32m"Resize bottom edge"[39m
    [33mclass[39m=[32m"_handle_a82496 _handle-s_a82496 "[39m
    [33mdata-direction[39m=[32m"s"[39m
    [33mstyle[39m=[32m"left: 10px; top: 20px;"[39m
    [33mtabindex[39m=[32m"-1"[39m
    [33mtype[39m=[32m"button"[39m
  [36m/>[39m

  Name "Resize bottom-left corner":
  [36m<button[39m
    [33maria-label[39m=[32m"Resize bottom-left corner"[39m
    [33mclass[39m=[32m"_handle_a82496 _handle-sw_a82496 "[39m
    [33mdata-direction[39m=[32m"sw"[39m
    [33mstyle[39m=[32m"left: 0px; top: 20px;"[39m
    [33mtabindex[39m=[32m"-1"[39m
    [33mtype[39m=[32m"button"[39m
  [36m/>[39m

  Name "Resize left edge":
  [36m<button[39m
    [33maria-label[39m=[32m"Resize left edge"[39m
    [33mclass[39m=[32m"_handle_a82496 _handle-w_a82496 "[39m
    [33mdata-direction[39m=[32m"w"[39m
    [33mstyle[39m=[32m"left: 0px; top: 10px;"[39m
    [33mtabindex[39m=[32m"-1"[39m
    [33mtype[39m=[32m"button"[39m
  [36m/>[39m

  --------------------------------------------------
  tablist:

  Name "View mode":
  [36m<div[39m
    [33maria-label[39m=[32m"View mode"[39m
    [33mclass[39m=[32m"viewer-tabs"[39m
    [33mrole[39m=[32m"tablist"[39m
  [36m/>[39m

  --------------------------------------------------
  tab:

  Name "Preview":
  [36m<button[39m
    [33maria-selected[39m=[32m"true"[39m
    [33mclass[39m=[32m"viewer-tab active"[39m
    [33mrole[39m=[32m"tab"[39m
    [33mtype[39m=[32m"button"[39m
  [36m/>[39m

  Name "Code":
  [36m<button[39m
    [33maria-selected[39m=[32m"false"[39m
    [33mclass[39m=[32m"viewer-tab "[39m
    [33mrole[39m=[32m"tab"[39m
    [33mtype[39m=[32m"button"[39m
  [36m/>[39m

  --------------------------------------------------
  toolbar:

  Name "Preview tools":
  [36m<div[39m
    [33maria-label[39m=[32m"Preview tools"[39m
    [33mclass[39m=[32m"viewer-tool-rail"[39m
    [33mrole[39m=[32m"toolbar"[39m
  [36m/>[39m

  --------------------------------------------------
  group:

  Name "Send to LLM":
  [36m<div[39m
    [33maria-label[39m=[32m"Send to LLM"[39m
    [33mclass[39m=[32m"viewer-tool-group viewer-tool-group-llm"[39m
    [33mrole[39m=[32m"group"[39m
  [36m/>[39m

  Name "Direct edit":
  [36m<div[39m
    [33maria-label[39m=[32m"Direct edit"[39m
    [33mclass[39m=[32m"viewer-tool-group viewer-tool-group-direct"[39m
    [33mrole[39m=[32m"group"[39m
  [36m/>[39m

  Name "Move element":
  [36m<div[39m
    [33maria-label[39m=[32m"Move element"[39m
    [33mclass[39m=[32m"_container_46ff88 _editing_46ff88"[39m
    [33mdata-readable-edit-primary-surface[39m=[32m"true"[39m
    [33mdata-readable-edit-selected-surface[39m=[32m"true"[39m
    [33mrole[39m=[32m"group"[39m
    [33mstyle[39m=[32m"left: 0px; top: 0px; width: 0px; height: 0px;"[39m
    [33mtabindex[39m=[32m"-1"[39m
  [36m/>[39m

  Name "Resize element":
  [36m<div[39m
    [33maria-label[39m=[32m"Resize element"[39m
    [33mclass[39m=[32m"_container_a82496"[39m
    [33mdata-readable-edit-selected-surface[39m=[32m"true"[39m
    [33mrole[39m=[32m"group"[39m
    [33mstyle[39m=[32m"left: 0px; top: 0px; width: 0px; height: 0px;"[39m
    [33mtabindex[39m=[32m"-1"[39m
  [36m/>[39m

  --------------------------------------------------
  combobox:

  Name "Font":
  [36m<input[39m
    [33maria-autocomplete[39m=[32m"list"[39m
    [33maria-controls[39m=[32m":r1k:"[39m
    [33maria-expanded[39m=[32m"false"[39m
    [33maria-label[39m=[32m"Font"[39m
    [33mclass[39m=[32m"_fontInput_599c84"[39m
    [33mdata-tooltip[39m=[32m"Font"[39m
    [33mrole[39m=[32m"combobox"[39m
    [33mvalue[39m=[32m""[39m
  [36m/>[39m

  Name "Weight":
  [36m<select[39m
    [33maria-label[39m=[32m"Weight"[39m
    [33mclass[39m=[32m"_select_599c84"[39m
    [33mdata-tooltip[39m=[32m"Weight"[39m
  [36m/>[39m

  --------------------------------------------------
  textbox:

  Name "Font size":
  [36m<input[39m
    [33maria-label[39m=[32m"Font size"[39m
    [33mclass[39m=[32m"_stepInput_599c84"[39m
    [33minputmode[39m=[32m"decimal"[39m
    [33mvalue[39m=[32m""[39m
  [36m/>[39m

  Name "Line height":
  [36m<input[39m
    [33maria-label[39m=[32m"Line height"[39m
    [33mclass[39m=[32m"_stepInput_599c84"[39m
    [33minputmode[39m=[32m"decimal"[39m
    [33mvalue[39m=[32m""[39m
  [36m/>[39m

  Name "Letter spacing":
  [36m<input[39m
    [33maria-label[39m=[32m"Letter spacing"[39m
    [33mclass[39m=[32m"_stepInput_599c84"[39m
    [33minputmode[39m=[32m"decimal"[39m
    [33mvalue[39m=[32m""[39m
  [36m/>[39m

  Name "Width":
  [36m<input[39m
    [33maria-label[39m=[32m"Width"[39m
    [33minputmode[39m=[32m"decimal"[39m
    [33mvalue[39m=[32m""[39m
  [36m/>[39m

  Name "Height":
  [36m<input[39m
    [33maria-label[39m=[32m"Height"[39m
    [33minputmode[39m=[32m"decimal"[39m
    [33mvalue[39m=[32m""[39m
  [36m/>[39m

  Name "Radius":
  [36m<input[39m
    [33maria-label[39m=[32m"Radius"[39m
    [33minputmode[39m=[32m"decimal"[39m
    [33mvalue[39m=[32m""[39m
  [36m/>[39m

  Name "Opacity":
  [36m<input[39m
    [33maria-label[39m=[32m"Opacity"[39m
    [33minputmode[39m=[32m"decimal"[39m
    [33mvalue[39m=[32m""[39m
  [36m/>[39m

  --------------------------------------------------
  option:

  Name "–":
  [36m<option[39m
    [33mvalue[39m=[32m""[39m
  [36m/>[39m

  Name "100":
  [36m<option[39m
    [33mvalue[39m=[32m"100"[39m
  [36m/>[39m

  Name "200":
  [36m<option[39m
    [33mvalue[39m=[32m"200"[39m
  [36m/>[39m

  Name "300":
  [36m<option[39m
    [33mvalue[39m=[32m"300"[39m
  [36m/>[39m

  Name "400":
  [36m<option[39m
    [33mvalue[39m=[32m"400"[39m
  [36m/>[39m

  Name "500":
  [36m<option[39m
    [33mvalue[39m=[32m"500"[39m
  [36m/>[39m

  Name "600":
  [36m<option[39m
    [33mvalue[39m=[32m"600"[39m
  [36m/>[39m

  Name "700":
  [36m<option[39m
    [33mvalue[39m=[32m"700"[39m
  [36m/>[39m

  Name "800":
  [36m<option[39m
    [33mvalue[39m=[32m"800"[39m
  [36m/>[39m

  Name "900":
  [36m<option[39m
    [33mvalue[39m=[32m"900"[39m
  [36m/>[39m

  --------------------------------------------------
  emphasis:

  Name "":
  [36m<em />[39m

  Name "":
  [36m<em />[39m

  Name "":
  [36m<em />[39m

  --------------------------------------------------

Ignored nodes: comments, script, style
[36m<body>[39m
  [36m<div>[39m
    [36m<div[39m
      [33mclass[39m=[32m"viewer html-viewer"[39m
    [36m>[39m
      [36m<div[39m
        [33mclass[39m=[32m"viewer-toolbar"[39m
      [36m>[39m
        [36m<div[39m
          [33mclass[39m=[32m"viewer-toolbar-left"[39m
        [36m>[39m
          [36m<button[39m
            [33maria-label[39m=[32m"Reload Preview"[39m
            [33mclass[39m=[32m"icon-only readable-tooltip"[39m
            [33mdata-tooltip[39m=[32m"Reload Preview"[39m
            [33mdata-tooltip-placement[39m=[32m"bottom"[39m
            [33mtitle[39m=[32m"Reload Preview"[39m
            [33mtype[39m=[32m"button"[39m
          [36m>[39m
            [36m<svg[39m
              [33maria-hidden[39m=[32m"true"[39m
              [33mfill[39m=[32m"none"[39m
              [33mfocusable[39m=[32m"false"[39m
              [33mheight[39m=[32m"14"[39m
              [33mstroke[39m=[32m"currentColor"[39m
              [33mstroke-linecap[39m=[32m"round"[39m
              [33mstroke-linejoin[39m=[32m"round"[39m
              [33mstroke-width[39m=[32m"1.6"[39m
              [33mviewBox[39m=[32m"0 0 24 24"[39m
              [33mwidth[39m=[32m"14"[39m
            [36m>[39m
              [36m<path[39m
                [33md[39m=[32m"M21 12a9 9 0 1 1-3-6.7"[39m
              [36m/>[39m
              [36m<path[39m
                [33md[39m=[32m"M21 4v5h-5"[39m
              [36m/>[39m
            [36m</svg>[39m
          [36m</button>[39m
          [36m<div[39m
            [33maria-label[39m=[32m"View mode"[39m
            [33mclass[39m=[32m"viewer-tabs"[39m
            [33mrole[39m=[32m"tablist"[39m
          [36m>[39m
            [36m<button[39m
              [33maria-selected[39m=[32m"true"[39m
              [33mclass[39m=[32m"viewer-tab active"[39m
              [33mrole[39m=[32m"tab"[39m
              [33mtype[39m=[32m"button"[39m
            [36m>[39m
              [0mPreview[0m
            [36m</button>[39m
            [36m<button[39m
              [33maria-selected[39m=[32m"false"[39m
              [33mclass[39m=[32m"viewer-tab "[39m
              [33mrole[39m=[32m"tab"[39m
              [33mtype[39m=[32m"button"[39m
            [36m>[39m
              [0mCode[0m
            [36m</button>[39m
          [36m</div>[39m
        [36m</div>[39m
        [36m<div[39m
          [33maria-label[39m=[32m"Preview tools"[39m
          [33mclass[39m=[32m"viewer-tool-rail"[39m
          [33mrole[39m=[32m"toolbar"[39m
        [36m>[39m
          [36m<div[39m
            [33maria-label[39m=[32m"Send to LLM"[39m
            [33mclass[39m=[32m"viewer-tool-group viewer-tool-group-llm"[39m
            [33mrole[39m=[32m"group"[39m
          [36m>[39m
            [36m<span[39m
              [33mclass[39m=[32m"viewer-tool-group-label"[39m
            [36m>[39m
              [0mSend to LLM[0m
            [36m</span>[39m
            [36m<div[39m
              [33mclass[39m=[32m"artifact-tool-menu-anchor"[39m
            [36m>[39m
              [36m<button[39m
                [33maria-label[39m=[32m"Comment on element"[39m
                [33maria-pressed[39m=[32m"false"[39m
                [33mclass[39m=[32m"viewer-action viewer-action-icon viewer-comment-toggle readable-tooltip"[39m
                [33mdata-testid[39m=[32m"board-mode-toggle"[39m
                [33mdata-tooltip[39m=[32m"Comment on element"[39m
                [33mdata-tooltip-placement[39m=[32m"bottom"[39m
                [33mtitle[39m=[32m"Comment on element"[39m
                [33mtype[39m=[32m"button"[39m
              [36m>[39m
                [36m<i[39m
                  [33maria-hidden[39m=[32m"true"[39m
                  [33mclass[39m=[32m"ri-chat-new-line"[39m
                  [33mstyle[39m=[32m"font-size: 15px; line-height: 1; width: 15px; height: 15px; display: inline-flex; align-items: center; justify-content: center;"[39m
                [36m/>[39m
              [36m</button>[39m
            [36m</div>[39m
            [36m<button[39m
              [33maria-label[39m=[32m"Select range"[39m
              [33maria-pressed[39m=[32m"false"[39m
              [33mclass[39m=[32m"viewer-action viewer-action-icon readable-tooltip"[39m
              [33mdata-testid[39m=[32m"draw-overlay-toggle"[39m
              [33mdata-tooltip[39m=[32m"Select range"[39m
              [33mdata-tooltip-placement[39m=[32m"bottom"[39m
              [33mtitle[39m=[32m"Select range"[39m
              [33mtype[39m=[32m"button"[39m
            [36m>[39m
              [36m<i[39m
                [33maria-hidden[39m=[32m"true"[39m
                [33mclass[39m=[32m"ri-mark-pen-line"[39m
                [33mstyle[39m=[32m"font-size: 15px; line-height: 1; width: 15px; height: 15px; display: inline-flex; align-items: center; justify-content: center;"[39m
              [36m/>[39m
            [36m</button>[39m
          [36m</div>[39m
          [36m<span[39m
            [33maria-hidden[39m=[32m"true"[39m
            [33mclass[39m=[32m"viewer-tool-divider"[39m
          [36m/>[39m
          [36m<div[39m
            [33maria-label[39m=[32m"Direct edit"[39m
            [33mclass[39m=[32m"viewer-tool-group viewer-tool-group-direct"[39m
            [33mrole[39m=[32m"group"[39m
          [36m>[39m
            [36m<button[39m
              [33maria-label[39m=[32m"Edit"[39m
              [33maria-pressed[39m=[32m"true"[39m
              [33mclass[39m=[32m"viewer-action viewer-direct-edit readable-tooltip active"[39m
              [33mdata-testid[39m=[32m"manual-edit-mode-toggle"[39m
              [33mdata-tooltip[39m=[32m"Edit"[39m
              [33mdata-tooltip-placement[39m=[32m"bottom"[39m
              [33mtitle[39m=[32m"Edit"[39m
              [33mtype[39m=[32m"button"[39m
            [36m>[39m
              [36m<i[39m
                [33maria-hidden[39m=[32m"true"[39m
                [33mclass[39m=[32m"ri-edit-line"[39m
                [33mstyle[39m=[32m"font-size: 15px; line-height: 1; width: 15px; height: 15px; display: inline-flex; align-items: center; justify-content: center;"[39m
              [36m/>[39m
              [36m<span[39m
                [33mclass[39m=[32m"viewer-direct-edit-label"[39m
              [36m>[39m
                [0mDirect edit[0m
              [36m</span>[39m
            [36m</button>[39m
          [36m</div>[39m
        [36m</div>[39m
        [36m<div[39m
          [33mclass[39m=[32m"viewer-toolbar-utilities"[39m
        [36m>[39m
          [36m<button[39m
            [33maria-label[39m=[32m"Comments (0)"[39m
            [33maria-pressed[39m=[32m"false"[39m
         ...
 ❯ Object.getElementError ../../node_modules/.pnpm/@testing-library+dom@10.4.1/node_modules/@testing-library/dom/dist/config.js:37:19
 ❯ ../../node_modules/.pnpm/@testing-library+dom@10.4.1/node_modules/@testing-library/dom/dist/query-helpers.js:76:38
 ❯ ../../node_modules/.pnpm/@testing-library+dom@10.4.1/node_modules/@testing-library/dom/dist/query-helpers.js:52:17
 ❯ ../../node_modules/.pnpm/@testing-library+dom@10.4.1/node_modules/@testing-library/dom/dist/query-helpers.js:95:19
 ❯ tests/components/FileViewer.manual-edit-save-flush.test.tsx:193:52
    191|     expect(harness.dom.window.document.activeElement).toBe(other);
    192|     expect(el.getAttribute('data-readable-editing')).toBe('true');
    193|     await act(async () => { fireEvent.click(screen.getByRole('button',…
       |                                                    ^
    194|     await harness.drain();
    195|     await act(async () => { await harness.saved.promise; });
 ❯ ../../node_modules/.pnpm/@testing-library+react@16.3_8105afb30b3aed617b9ca863f1e5e96d/node_modules/@testing-library/react/dist/act-compat.js:47:24
 ❯ act ../../node_modules/.pnpm/react@18.3.1/node_modules/react/cjs/react.development.js:2512:16
 ❯ ../../node_modules/.pnpm/@testing-library+react@16.3_8105afb30b3aed617b9ca863f1e5e96d/node_modules/@testing-library/react/dist/act-compat.js:46:25
 ❯ tests/components/FileViewer.manual-edit-save-flush.test.tsx:193:11

⎯⎯⎯⎯⎯⎯⎯⎯⎯⎯⎯⎯⎯⎯⎯⎯⎯⎯⎯⎯⎯⎯[16/66]⎯

 FAIL  tests/components/FileViewer.manual-edit-save-flush.test.tsx > Save flushes the real contenteditable bridge with full host profile > switching host selection flushes the previous text and pending style before reading the next draft
 FAIL  tests/components/FileViewer.manual-edit-save-flush.test.tsx > Save flushes the real contenteditable bridge with low host profile > switching host selection flushes the previous text and pending style before reading the next draft
AssertionError: expected '' to be '200px' // Object.is equality

- Expected
+ Received

- 200px

 ❯ tests/components/FileViewer.manual-edit-save-flush.test.tsx:211:28
    209|     const el = new DOMParser().parseFromString(harness.writes[0]!, 'te…
    210|     expect(el.textContent).toBe('First second');
    211|     expect(el.style.width).toBe('200px');
       |                            ^
    212|   });
    213|

⎯⎯⎯⎯⎯⎯⎯⎯⎯⎯⎯⎯⎯⎯⎯⎯⎯⎯⎯⎯⎯⎯[17/66]⎯

 FAIL  tests/components/FileViewer.manual-edit-save-flush.test.tsx > Save flushes the real contenteditable bridge with full host profile > Enter commits exactly once before Save, even with transport delivery pending
TestingLibraryElementError: Unable to find an accessible element with the role "button" and name "Save changes"

Here are the accessible roles:

  button:

  Name "Reload Preview":
  [36m<button[39m
    [33maria-label[39m=[32m"Reload Preview"[39m
    [33mclass[39m=[32m"icon-only readable-tooltip"[39m
    [33mdata-tooltip[39m=[32m"Reload Preview"[39m
    [33mdata-tooltip-placement[39m=[32m"bottom"[39m
    [33mtitle[39m=[32m"Reload Preview"[39m
    [33mtype[39m=[32m"button"[39m
  [36m/>[39m

  Name "Comment on element":
  [36m<button[39m
    [33maria-label[39m=[32m"Comment on element"[39m
    [33maria-pressed[39m=[32m"false"[39m
    [33mclass[39m=[32m"viewer-action viewer-action-icon viewer-comment-toggle readable-tooltip"[39m
    [33mdata-testid[39m=[32m"board-mode-toggle"[39m
    [33mdata-tooltip[39m=[32m"Comment on element"[39m
    [33mdata-tooltip-placement[39m=[32m"bottom"[39m
    [33mtitle[39m=[32m"Comment on element"[39m
    [33mtype[39m=[32m"button"[39m
  [36m/>[39m

  Name "Select range":
  [36m<button[39m
    [33maria-label[39m=[32m"Select range"[39m
    [33maria-pressed[39m=[32m"false"[39m
    [33mclass[39m=[32m"viewer-action viewer-action-icon readable-tooltip"[39m
    [33mdata-testid[39m=[32m"draw-overlay-toggle"[39m
    [33mdata-tooltip[39m=[32m"Select range"[39m
    [33mdata-tooltip-placement[39m=[32m"bottom"[39m
    [33mtitle[39m=[32m"Select range"[39m
    [33mtype[39m=[32m"button"[39m
  [36m/>[39m

  Name "Edit":
  [36m<button[39m
    [33maria-label[39m=[32m"Edit"[39m
    [33maria-pressed[39m=[32m"true"[39m
    [33mclass[39m=[32m"viewer-action viewer-direct-edit readable-tooltip active"[39m
    [33mdata-testid[39m=[32m"manual-edit-mode-toggle"[39m
    [33mdata-tooltip[39m=[32m"Edit"[39m
    [33mdata-tooltip-placement[39m=[32m"bottom"[39m
    [33mtitle[39m=[32m"Edit"[39m
    [33mtype[39m=[32m"button"[39m
  [36m/>[39m

  Name "Comments (0)":
  [36m<button[39m
    [33maria-label[39m=[32m"Comments (0)"[39m
    [33maria-pressed[39m=[32m"false"[39m
    [33mclass[39m=[32m"viewer-action viewer-comment-count-trigger viewer-comment-toggle readable-tooltip"[39m
    [33mdata-testid[39m=[32m"comment-panel-toggle"[39m
    [33mdata-tooltip[39m=[32m"Comments"[39m
    [33mdata-tooltip-placement[39m=[32m"bottom"[39m
    [33mtitle[39m=[32m"Comments"[39m
    [33mtype[39m=[32m"button"[39m
  [36m/>[39m

  Name "100%":
  [36m<button[39m
    [33maria-expanded[39m=[32m"false"[39m
    [33maria-haspopup[39m=[32m"menu"[39m
    [33mclass[39m=[32m"viewer-action zoom-trigger readable-tooltip"[39m
    [33mdata-tooltip[39m=[32m"Reset zoom"[39m
    [33mdata-tooltip-placement[39m=[32m"bottom"[39m
    [33mtitle[39m=[32m"Reset zoom"[39m
    [33mtype[39m=[32m"button"[39m
  [36m/>[39m

  Name "Font size decrease":
  [36m<button[39m
    [33maria-label[39m=[32m"Font size decrease"[39m
    [33mclass[39m=[32m"_step_599c84 readable-tooltip"[39m
    [33mdata-tooltip[39m=[32m"Font size decrease"[39m
    [33mdisabled[39m=[32m""[39m
    [33mtype[39m=[32m"button"[39m
  [36m/>[39m

  Name "Font size increase":
  [36m<button[39m
    [33maria-label[39m=[32m"Font size increase"[39m
    [33mclass[39m=[32m"_step_599c84 readable-tooltip"[39m
    [33mdata-tooltip[39m=[32m"Font size increase"[39m
    [33mdisabled[39m=[32m""[39m
    [33mtype[39m=[32m"button"[39m
  [36m/>[39m

  Name "Bold":
  [36m<button[39m
    [33maria-label[39m=[32m"Bold"[39m
    [33maria-pressed[39m=[32m"false"[39m
    [33mclass[39m=[32m"_button_ee6a60 _subtle_ee6a60 subtle _icon_ee6a60 icon-btn readable-tooltip"[39m
    [33mdata-tooltip[39m=[32m"Bold"[39m
    [33mdisabled[39m=[32m""[39m
    [33mtype[39m=[32m"button"[39m
  [36m/>[39m

  Name "Italic":
  [36m<button[39m
    [33maria-label[39m=[32m"Italic"[39m
    [33maria-pressed[39m=[32m"false"[39m
    [33mclass[39m=[32m"_button_ee6a60 _subtle_ee6a60 subtle _icon_ee6a60 icon-btn readable-tooltip"[39m
    [33mdata-tooltip[39m=[32m"Italic"[39m
    [33mdisabled[39m=[32m""[39m
    [33mtype[39m=[32m"button"[39m
  [36m/>[39m

  Name "Underline":
  [36m<button[39m
    [33maria-label[39m=[32m"Underline"[39m
    [33maria-pressed[39m=[32m"false"[39m
    [33mclass[39m=[32m"_button_ee6a60 _subtle_ee6a60 subtle _icon_ee6a60 icon-btn readable-tooltip"[39m
    [33mdata-tooltip[39m=[32m"Underline"[39m
    [33mdisabled[39m=[32m""[39m
    [33mtype[39m=[32m"button"[39m
  [36m/>[39m

  Name "Text color":
  [36m<button[39m
    [33maria-expanded[39m=[32m"false"[39m
    [33maria-label[39m=[32m"Text color"[39m
    [33mclass[39m=[32m"_swatch_599c84 readable-tooltip"[39m
    [33mdata-tooltip[39m=[32m"Text color"[39m
    [33mstyle[39m=[32m"--swatch-color: transparent;"[39m
    [33mtype[39m=[32m"button"[39m
  [36m/>[39m

  Name "Align left":
  [36m<button[39m
    [33maria-label[39m=[32m"Align left"[39m
    [33maria-pressed[39m=[32m"false"[39m
    [33mclass[39m=[32m"_button_ee6a60 _subtle_ee6a60 subtle _icon_ee6a60 icon-btn readable-tooltip"[39m
    [33mdata-tooltip[39m=[32m"Align left"[39m
    [33mtype[39m=[32m"button"[39m
  [36m/>[39m

  Name "Align center":
  [36m<button[39m
    [33maria-label[39m=[32m"Align center"[39m
    [33maria-pressed[39m=[32m"false"[39m
    [33mclass[39m=[32m"_button_ee6a60 _subtle_ee6a60 subtle _icon_ee6a60 icon-btn readable-tooltip"[39m
    [33mdata-tooltip[39m=[32m"Align center"[39m
    [33mtype[39m=[32m"button"[39m
  [36m/>[39m

  Name "Align right":
  [36m<button[39m
    [33maria-label[39m=[32m"Align right"[39m
    [33maria-pressed[39m=[32m"false"[39m
    [33mclass[39m=[32m"_button_ee6a60 _subtle_ee6a60 subtle _icon_ee6a60 icon-btn readable-tooltip"[39m
    [33mdata-tooltip[39m=[32m"Align right"[39m
    [33mtype[39m=[32m"button"[39m
  [36m/>[39m

  Name "Justify":
  [36m<button[39m
    [33maria-label[39m=[32m"Justify"[39m
    [33maria-pressed[39m=[32m"false"[39m
    [33mclass[39m=[32m"_button_ee6a60 _subtle_ee6a60 subtle _icon_ee6a60 icon-btn readable-tooltip"[39m
    [33mdata-tooltip[39m=[32m"Justify"[39m
    [33mtype[39m=[32m"button"[39m
  [36m/>[39m

  Name "Line height decrease":
  [36m<button[39m
    [33maria-label[39m=[32m"Line height decrease"[39m
    [33mclass[39m=[32m"_step_599c84 readable-tooltip"[39m
    [33mdata-tooltip[39m=[32m"Line height decrease"[39m
    [33mdisabled[39m=[32m""[39m
    [33mtype[39m=[32m"button"[39m
  [36m/>[39m

  Name "Line height increase":
  [36m<button[39m
    [33maria-label[39m=[32m"Line height increase"[39m
    [33mclass[39m=[32m"_step_599c84 readable-tooltip"[39m
    [33mdata-tooltip[39m=[32m"Line height increase"[39m
    [33mdisabled[39m=[32m""[39m
    [33mtype[39m=[32m"button"[39m
  [36m/>[39m

  Name "Letter spacing decrease":
  [36m<button[39m
    [33maria-label[39m=[32m"Letter spacing decrease"[39m
    [33mclass[39m=[32m"_step_599c84 readable-tooltip"[39m
    [33mdata-tooltip[39m=[32m"Letter spacing decrease"[39m
    [33mdisabled[39m=[32m""[39m
    [33mtype[39m=[32m"button"[39m
  [36m/>[39m

  Name "Letter spacing increase":
  [36m<button[39m
    [33maria-label[39m=[32m"Letter spacing increase"[39m
    [33mclass[39m=[32m"_step_599c84 readable-tooltip"[39m
    [33mdata-tooltip[39m=[32m"Letter spacing increase"[39m
    [33mdisabled[39m=[32m""[39m
    [33mtype[39m=[32m"button"[39m
  [36m/>[39m

  Name "Undo":
  [36m<button[39m
    [33maria-label[39m=[32m"Undo"[39m
    [33mclass[39m=[32m"_button_ee6a60 _subtle_ee6a60 subtle _icon_ee6a60 icon-btn"[39m
    [33mdisabled[39m=[32m""[39m
    [33mtitle[39m=[32m"Undo"[39m
    [33mtype[39m=[32m"button"[39m
  [36m/>[39m

  Name "Redo":
  [36m<button[39m
    [33maria-label[39m=[32m"Redo"[39m
    [33mclass[39m=[32m"_button_ee6a60 _subtle_ee6a60 subtle _icon_ee6a60 icon-btn"[39m
    [33mdisabled[39m=[32m""[39m
    [33mtitle[39m=[32m"Redo"[39m
    [33mtype[39m=[32m"button"[39m
  [36m/>[39m

  Name "Fill":
  [36m<button[39m
    [33maria-expanded[39m=[32m"false"[39m
    [33maria-label[39m=[32m"Fill"[39m
    [33mclass[39m=[32m"_swatch_75e98d readable-tooltip"[39m
    [33mdata-tooltip[39m=[32m"Fill"[39m
    [33mstyle[39m=[32m"--swatch-color: transparent;"[39m
    [33mtitle[39m=[32m"Fill"[39m
    [33mtype[39m=[32m"button"[39m
  [36m/>[39m

  Name "Spacing":
  [36m<button[39m
    [33maria-expanded[39m=[32m"false"[39m
    [33maria-label[39m=[32m"Spacing"[39m
    [33mclass[39m=[32m"_button_ee6a60 _subtle_ee6a60 subtle _popoverButton_75e98d readable-tooltip"[39m
    [33mdata-tooltip[39m=[32m"Spacing"[39m
    [33mtype[39m=[32m"button"[39m
  [36m/>[39m

  Name "Border":
  [36m<button[39m
    [33maria-expanded[39m=[32m"false"[39m
    [33maria-label[39m=[32m"Border"[39m
    [33mclass[39m=[32m"_button_ee6a60 _subtle_ee6a60 subtle _popoverButton_75e98d readable-tooltip"[39m
    [33mdata-tooltip[39m=[32m"Border"[39m
    [33mtype[39m=[32m"button"[39m
  [36m/>[39m

  Name "More":
  [36m<button[39m
    [33maria-expanded[39m=[32m"false"[39m
    [33maria-label[39m=[32m"More"[39m
    [33mclass[39m=[32m"_button_ee6a60 _subtle_ee6a60 subtle _popoverButton_75e98d readable-tooltip"[39m
    [33mdata-tooltip[39m=[32m"More"[39m
    [33mtype[39m=[32m"button"[39m
  [36m/>[39m

  Name "Present":
  [36m<button[39m
    [33maria-expanded[39m=[32m"false"[39m
    [33maria-haspopup[39m=[32m"menu"[39m
    [33maria-label[39m=[32m"Present"[39m
    [33mclass[39m=[32m"chrome-action chrome-action-secondary chrome-action-icon present-trigger readable-tooltip"[39m
    [33mdata-tooltip[39m=[32m"Present"[39m
    [33mdata-tooltip-placement[39m=[32m"bottom"[39m
    [33mtitle[39m=[32m"Present"[39m
  [36m/>[39m

  Name "Share":
  [36m<button[39m
    [33maria-expanded[39m=[32m"false"[39m
    [33maria-haspopup[39m=[32m"menu"[39m
    [33maria-label[39m=[32m"Share"[39m
    [33mclass[39m=[32m"chrome-action chrome-action-secondary chrome-action-with-label chrome-action-text-only"[39m
    [33mtype[39m=[32m"button"[39m
  [36m/>[39m

  Name "Download":
  [36m<button[39m
    [33maria-expanded[39m=[32m"false"[39m
    [33maria-haspopup[39m=[32m"menu"[39m
    [33mclass[39m=[32m"chrome-action chrome-action-primary chrome-action-export"[39m
    [33mtype[39m=[32m"button"[39m
  [36m/>[39m

  Name "Resize top-left corner":
  [36m<button[39m
    [33maria-label[39m=[32m"Resize top-left corner"[39m
    [33mclass[39m=[32m"_handle_a82496 _handle-nw_a82496 "[39m
    [33mdata-direction[39m=[32m"nw"[39m
    [33mstyle[39m=[32m"left: 0px; top: 0px;"[39m
    [33mtabindex[39m=[32m"-1"[39m
    [33mtype[39m=[32m"button"[39m
  [36m/>[39m

  Name "Resize top edge":
  [36m<button[39m
    [33maria-label[39m=[32m"Resize top edge"[39m
    [33mclass[39m=[32m"_handle_a82496 _handle-n_a82496 "[39m
    [33mdata-direction[39m=[32m"n"[39m
    [33mstyle[39m=[32m"left: 10px; top: 0px;"[39m
    [33mtabindex[39m=[32m"-1"[39m
    [33mtype[39m=[32m"button"[39m
  [36m/>[39m

  Name "Resize top-right corner":
  [36m<button[39m
    [33maria-label[39m=[32m"Resize top-right corner"[39m
    [33mclass[39m=[32m"_handle_a82496 _handle-ne_a82496 "[39m
    [33mdata-direction[39m=[32m"ne"[39m
    [33mstyle[39m=[32m"left: 20px; top: 0px;"[39m
    [33mtabindex[39m=[32m"-1"[39m
    [33mtype[39m=[32m"button"[39m
  [36m/>[39m

  Name "Resize right edge":
  [36m<button[39m
    [33maria-label[39m=[32m"Resize right edge"[39m
    [33mclass[39m=[32m"_handle_a82496 _handle-e_a82496 "[39m
    [33mdata-direction[39m=[32m"e"[39m
    [33mstyle[39m=[32m"left: 20px; top: 10px;"[39m
    [33mtabindex[39m=[32m"-1"[39m
    [33mtype[39m=[32m"button"[39m
  [36m/>[39m

  Name "Resize bottom-right corner":
  [36m<button[39m
    [33maria-label[39m=[32m"Resize bottom-right corner"[39m
    [33mclass[39m=[32m"_handle_a82496 _handle-se_a82496 "[39m
    [33mdata-direction[39m=[32m"se"[39m
    [33mstyle[39m=[32m"left: 20px; top: 20px;"[39m
    [33mtabindex[39m=[32m"-1"[39m
    [33mtype[39m=[32m"button"[39m
  [36m/>[39m

  Name "Resize bottom edge":
  [36m<button[39m
    [33maria-label[39m=[32m"Resize bottom edge"[39m
    [33mclass[39m=[32m"_handle_a82496 _handle-s_a82496 "[39m
    [33mdata-direction[39m=[32m"s"[39m
    [33mstyle[39m=[32m"left: 10px; top: 20px;"[39m
    [33mtabindex[39m=[32m"-1"[39m
    [33mtype[39m=[32m"button"[39m
  [36m/>[39m

  Name "Resize bottom-left corner":
  [36m<button[39m
    [33maria-label[39m=[32m"Resize bottom-left corner"[39m
    [33mclass[39m=[32m"_handle_a82496 _handle-sw_a82496 "[39m
    [33mdata-direction[39m=[32m"sw"[39m
    [33mstyle[39m=[32m"left: 0px; top: 20px;"[39m
    [33mtabindex[39m=[32m"-1"[39m
    [33mtype[39m=[32m"button"[39m
  [36m/>[39m

  Name "Resize left edge":
  [36m<button[39m
    [33maria-label[39m=[32m"Resize left edge"[39m
    [33mclass[39m=[32m"_handle_a82496 _handle-w_a82496 "[39m
    [33mdata-direction[39m=[32m"w"[39m
    [33mstyle[39m=[32m"left: 0px; top: 10px;"[39m
    [33mtabindex[39m=[32m"-1"[39m
    [33mtype[39m=[32m"button"[39m
  [36m/>[39m

  --------------------------------------------------
  tablist:

  Name "View mode":
  [36m<div[39m
    [33maria-label[39m=[32m"View mode"[39m
    [33mclass[39m=[32m"viewer-tabs"[39m
    [33mrole[39m=[32m"tablist"[39m
  [36m/>[39m

  --------------------------------------------------
  tab:

  Name "Preview":
  [36m<button[39m
    [33maria-selected[39m=[32m"true"[39m
    [33mclass[39m=[32m"viewer-tab active"[39m
    [33mrole[39m=[32m"tab"[39m
    [33mtype[39m=[32m"button"[39m
  [36m/>[39m

  Name "Code":
  [36m<button[39m
    [33maria-selected[39m=[32m"false"[39m
    [33mclass[39m=[32m"viewer-tab "[39m
    [33mrole[39m=[32m"tab"[39m
    [33mtype[39m=[32m"button"[39m
  [36m/>[39m

  --------------------------------------------------
  toolbar:

  Name "Preview tools":
  [36m<div[39m
    [33maria-label[39m=[32m"Preview tools"[39m
    [33mclass[39m=[32m"viewer-tool-rail"[39m
    [33mrole[39m=[32m"toolbar"[39m
  [36m/>[39m

  --------------------------------------------------
  group:

  Name "Send to LLM":
  [36m<div[39m
    [33maria-label[39m=[32m"Send to LLM"[39m
    [33mclass[39m=[32m"viewer-tool-group viewer-tool-group-llm"[39m
    [33mrole[39m=[32m"group"[39m
  [36m/>[39m

  Name "Direct edit":
  [36m<div[39m
    [33maria-label[39m=[32m"Direct edit"[39m
    [33mclass[39m=[32m"viewer-tool-group viewer-tool-group-direct"[39m
    [33mrole[39m=[32m"group"[39m
  [36m/>[39m

  Name "Move element":
  [36m<div[39m
    [33maria-label[39m=[32m"Move element"[39m
    [33mclass[39m=[32m"_container_46ff88 _editing_46ff88"[39m
    [33mdata-readable-edit-primary-surface[39m=[32m"true"[39m
    [33mdata-readable-edit-selected-surface[39m=[32m"true"[39m
    [33mrole[39m=[32m"group"[39m
    [33mstyle[39m=[32m"left: 0px; top: 0px; width: 0px; height: 0px;"[39m
    [33mtabindex[39m=[32m"-1"[39m
  [36m/>[39m

  Name "Resize element":
  [36m<div[39m
    [33maria-label[39m=[32m"Resize element"[39m
    [33mclass[39m=[32m"_container_a82496"[39m
    [33mdata-readable-edit-selected-surface[39m=[32m"true"[39m
    [33mrole[39m=[32m"group"[39m
    [33mstyle[39m=[32m"left: 0px; top: 0px; width: 0px; height: 0px;"[39m
    [33mtabindex[39m=[32m"-1"[39m
  [36m/>[39m

  --------------------------------------------------
  combobox:

  Name "Font":
  [36m<input[39m
    [33maria-autocomplete[39m=[32m"list"[39m
    [33maria-controls[39m=[32m":r1s:"[39m
    [33maria-expanded[39m=[32m"false"[39m
    [33maria-label[39m=[32m"Font"[39m
    [33mclass[39m=[32m"_fontInput_599c84"[39m
    [33mdata-tooltip[39m=[32m"Font"[39m
    [33mrole[39m=[32m"combobox"[39m
    [33mvalue[39m=[32m""[39m
  [36m/>[39m

  Name "Weight":
  [36m<select[39m
    [33maria-label[39m=[32m"Weight"[39m
    [33mclass[39m=[32m"_select_599c84"[39m
    [33mdata-tooltip[39m=[32m"Weight"[39m
  [36m/>[39m

  --------------------------------------------------
  textbox:

  Name "Font size":
  [36m<input[39m
    [33maria-label[39m=[32m"Font size"[39m
    [33mclass[39m=[32m"_stepInput_599c84"[39m
    [33minputmode[39m=[32m"decimal"[39m
    [33mvalue[39m=[32m""[39m
  [36m/>[39m

  Name "Line height":
  [36m<input[39m
    [33maria-label[39m=[32m"Line height"[39m
    [33mclass[39m=[32m"_stepInput_599c84"[39m
    [33minputmode[39m=[32m"decimal"[39m
    [33mvalue[39m=[32m""[39m
  [36m/>[39m

  Name "Letter spacing":
  [36m<input[39m
    [33maria-label[39m=[32m"Letter spacing"[39m
    [33mclass[39m=[32m"_stepInput_599c84"[39m
    [33minputmode[39m=[32m"decimal"[39m
    [33mvalue[39m=[32m""[39m
  [36m/>[39m

  Name "Width":
  [36m<input[39m
    [33maria-label[39m=[32m"Width"[39m
    [33minputmode[39m=[32m"decimal"[39m
    [33mvalue[39m=[32m""[39m
  [36m/>[39m

  Name "Height":
  [36m<input[39m
    [33maria-label[39m=[32m"Height"[39m
    [33minputmode[39m=[32m"decimal"[39m
    [33mvalue[39m=[32m""[39m
  [36m/>[39m

  Name "Radius":
  [36m<input[39m
    [33maria-label[39m=[32m"Radius"[39m
    [33minputmode[39m=[32m"decimal"[39m
    [33mvalue[39m=[32m""[39m
  [36m/>[39m

  Name "Opacity":
  [36m<input[39m
    [33maria-label[39m=[32m"Opacity"[39m
    [33minputmode[39m=[32m"decimal"[39m
    [33mvalue[39m=[32m""[39m
  [36m/>[39m

  --------------------------------------------------
  option:

  Name "–":
  [36m<option[39m
    [33mvalue[39m=[32m""[39m
  [36m/>[39m

  Name "100":
  [36m<option[39m
    [33mvalue[39m=[32m"100"[39m
  [36m/>[39m

  Name "200":
  [36m<option[39m
    [33mvalue[39m=[32m"200"[39m
  [36m/>[39m

  Name "300":
  [36m<option[39m
    [33mvalue[39m=[32m"300"[39m
  [36m/>[39m

  Name "400":
  [36m<option[39m
    [33mvalue[39m=[32m"400"[39m
  [36m/>[39m

  Name "500":
  [36m<option[39m
    [33mvalue[39m=[32m"500"[39m
  [36m/>[39m

  Name "600":
  [36m<option[39m
    [33mvalue[39m=[32m"600"[39m
  [36m/>[39m

  Name "700":
  [36m<option[39m
    [33mvalue[39m=[32m"700"[39m
  [36m/>[39m

  Name "800":
  [36m<option[39m
    [33mvalue[39m=[32m"800"[39m
  [36m/>[39m

  Name "900":
  [36m<option[39m
    [33mvalue[39m=[32m"900"[39m
  [36m/>[39m

  --------------------------------------------------
  emphasis:

  Name "":
  [36m<em />[39m

  Name "":
  [36m<em />[39m

  Name "":
  [36m<em />[39m

  --------------------------------------------------

Ignored nodes: comments, script, style
[36m<body>[39m
  [36m<div>[39m
    [36m<div[39m
      [33mclass[39m=[32m"viewer html-viewer"[39m
    [36m>[39m
      [36m<div[39m
        [33mclass[39m=[32m"viewer-toolbar"[39m
      [36m>[39m
        [36m<div[39m
          [33mclass[39m=[32m"viewer-toolbar-left"[39m
        [36m>[39m
          [36m<button[39m
            [33maria-label[39m=[32m"Reload Preview"[39m
            [33mclass[39m=[32m"icon-only readable-tooltip"[39m
            [33mdata-tooltip[39m=[32m"Reload Preview"[39m
            [33mdata-tooltip-placement[39m=[32m"bottom"[39m
            [33mtitle[39m=[32m"Reload Preview"[39m
            [33mtype[39m=[32m"button"[39m
          [36m>[39m
            [36m<svg[39m
              [33maria-hidden[39m=[32m"true"[39m
              [33mfill[39m=[32m"none"[39m
              [33mfocusable[39m=[32m"false"[39m
              [33mheight[39m=[32m"14"[39m
              [33mstroke[39m=[32m"currentColor"[39m
              [33mstroke-linecap[39m=[32m"round"[39m
              [33mstroke-linejoin[39m=[32m"round"[39m
              [33mstroke-width[39m=[32m"1.6"[39m
              [33mviewBox[39m=[32m"0 0 24 24"[39m
              [33mwidth[39m=[32m"14"[39m
            [36m>[39m
              [36m<path[39m
                [33md[39m=[32m"M21 12a9 9 0 1 1-3-6.7"[39m
              [36m/>[39m
              [36m<path[39m
                [33md[39m=[32m"M21 4v5h-5"[39m
              [36m/>[39m
            [36m</svg>[39m
          [36m</button>[39m
          [36m<div[39m
            [33maria-label[39m=[32m"View mode"[39m
            [33mclass[39m=[32m"viewer-tabs"[39m
            [33mrole[39m=[32m"tablist"[39m
          [36m>[39m
            [36m<button[39m
              [33maria-selected[39m=[32m"true"[39m
              [33mclass[39m=[32m"viewer-tab active"[39m
              [33mrole[39m=[32m"tab"[39m
              [33mtype[39m=[32m"button"[39m
            [36m>[39m
              [0mPreview[0m
            [36m</button>[39m
            [36m<button[39m
              [33maria-selected[39m=[32m"false"[39m
              [33mclass[39m=[32m"viewer-tab "[39m
              [33mrole[39m=[32m"tab"[39m
              [33mtype[39m=[32m"button"[39m
            [36m>[39m
              [0mCode[0m
            [36m</button>[39m
          [36m</div>[39m
        [36m</div>[39m
        [36m<div[39m
          [33maria-label[39m=[32m"Preview tools"[39m
          [33mclass[39m=[32m"viewer-tool-rail"[39m
          [33mrole[39m=[32m"toolbar"[39m
        [36m>[39m
          [36m<div[39m
            [33maria-label[39m=[32m"Send to LLM"[39m
            [33mclass[39m=[32m"viewer-tool-group viewer-tool-group-llm"[39m
            [33mrole[39m=[32m"group"[39m
          [36m>[39m
            [36m<span[39m
              [33mclass[39m=[32m"viewer-tool-group-label"[39m
            [36m>[39m
              [0mSend to LLM[0m
            [36m</span>[39m
            [36m<div[39m
              [33mclass[39m=[32m"artifact-tool-menu-anchor"[39m
            [36m>[39m
              [36m<button[39m
                [33maria-label[39m=[32m"Comment on element"[39m
                [33maria-pressed[39m=[32m"false"[39m
                [33mclass[39m=[32m"viewer-action viewer-action-icon viewer-comment-toggle readable-tooltip"[39m
                [33mdata-testid[39m=[32m"board-mode-toggle"[39m
                [33mdata-tooltip[39m=[32m"Comment on element"[39m
                [33mdata-tooltip-placement[39m=[32m"bottom"[39m
                [33mtitle[39m=[32m"Comment on element"[39m
                [33mtype[39m=[32m"button"[39m
              [36m>[39m
                [36m<i[39m
                  [33maria-hidden[39m=[32m"true"[39m
                  [33mclass[39m=[32m"ri-chat-new-line"[39m
                  [33mstyle[39m=[32m"font-size: 15px; line-height: 1; width: 15px; height: 15px; display: inline-flex; align-items: center; justify-content: center;"[39m
                [36m/>[39m
              [36m</button>[39m
            [36m</div>[39m
            [36m<button[39m
              [33maria-label[39m=[32m"Select range"[39m
              [33maria-pressed[39m=[32m"false"[39m
              [33mclass[39m=[32m"viewer-action viewer-action-icon readable-tooltip"[39m
              [33mdata-testid[39m=[32m"draw-overlay-toggle"[39m
              [33mdata-tooltip[39m=[32m"Select range"[39m
              [33mdata-tooltip-placement[39m=[32m"bottom"[39m
              [33mtitle[39m=[32m"Select range"[39m
              [33mtype[39m=[32m"button"[39m
            [36m>[39m
              [36m<i[39m
                [33maria-hidden[39m=[32m"true"[39m
                [33mclass[39m=[32m"ri-mark-pen-line"[39m
                [33mstyle[39m=[32m"font-size: 15px; line-height: 1; width: 15px; height: 15px; display: inline-flex; align-items: center; justify-content: center;"[39m
              [36m/>[39m
            [36m</button>[39m
          [36m</div>[39m
          [36m<span[39m
            [33maria-hidden[39m=[32m"true"[39m
            [33mclass[39m=[32m"viewer-tool-divider"[39m
          [36m/>[39m
          [36m<div[39m
            [33maria-label[39m=[32m"Direct edit"[39m
            [33mclass[39m=[32m"viewer-tool-group viewer-tool-group-direct"[39m
            [33mrole[39m=[32m"group"[39m
          [36m>[39m
            [36m<button[39m
              [33maria-label[39m=[32m"Edit"[39m
              [33maria-pressed[39m=[32m"true"[39m
              [33mclass[39m=[32m"viewer-action viewer-direct-edit readable-tooltip active"[39m
              [33mdata-testid[39m=[32m"manual-edit-mode-toggle"[39m
              [33mdata-tooltip[39m=[32m"Edit"[39m
              [33mdata-tooltip-placement[39m=[32m"bottom"[39m
              [33mtitle[39m=[32m"Edit"[39m
              [33mtype[39m=[32m"button"[39m
            [36m>[39m
              [36m<i[39m
                [33maria-hidden[39m=[32m"true"[39m
                [33mclass[39m=[32m"ri-edit-line"[39m
                [33mstyle[39m=[32m"font-size: 15px; line-height: 1; width: 15px; height: 15px; display: inline-flex; align-items: center; justify-content: center;"[39m
              [36m/>[39m
              [36m<span[39m
                [33mclass[39m=[32m"viewer-direct-edit-label"[39m
              [36m>[39m
                [0mDirect edit[0m
              [36m</span>[39m
            [36m</button>[39m
          [36m</div>[39m
        [36m</div>[39m
        [36m<div[39m
          [33mclass[39m=[32m"viewer-toolbar-utilities"[39m
        [36m>[39m
          [36m<button[39m
            [33maria-label[39m=[32m"Comments (0)"[39m
            [33maria-pressed[39m=[32m"false"[39m
         ...
 ❯ Object.getElementError ../../node_modules/.pnpm/@testing-library+dom@10.4.1/node_modules/@testing-library/dom/dist/config.js:37:19
 ❯ ../../node_modules/.pnpm/@testing-library+dom@10.4.1/node_modules/@testing-library/dom/dist/query-helpers.js:76:38
 ❯ ../../node_modules/.pnpm/@testing-library+dom@10.4.1/node_modules/@testing-library/dom/dist/query-helpers.js:52:17
 ❯ ../../node_modules/.pnpm/@testing-library+dom@10.4.1/node_modules/@testing-library/dom/dist/query-helpers.js:95:19
 ❯ tests/components/FileViewer.manual-edit-save-flush.test.tsx:224:52
    222|     else el.dispatchEvent(new harness.dom.window.KeyboardEvent('keydow…
    223|     expect(el.hasAttribute('contenteditable')).toBe(false);
    224|     await act(async () => { fireEvent.click(screen.getByRole('button',…
       |                                                    ^
    225|     expect(harness.writes).toHaveLength(0);
    226|     await harness.drain();
 ❯ ../../node_modules/.pnpm/@testing-library+react@16.3_8105afb30b3aed617b9ca863f1e5e96d/node_modules/@testing-library/react/dist/act-compat.js:47:24
 ❯ act ../../node_modules/.pnpm/react@18.3.1/node_modules/react/cjs/react.development.js:2512:16
 ❯ ../../node_modules/.pnpm/@testing-library+react@16.3_8105afb30b3aed617b9ca863f1e5e96d/node_modules/@testing-library/react/dist/act-compat.js:46:25
 ❯ tests/components/FileViewer.manual-edit-save-flush.test.tsx:224:11

⎯⎯⎯⎯⎯⎯⎯⎯⎯⎯⎯⎯⎯⎯⎯⎯⎯⎯⎯⎯⎯⎯[18/66]⎯

 FAIL  tests/components/FileViewer.manual-edit-save-flush.test.tsx > Save flushes the real contenteditable bridge with full host profile > Escape commits exactly once before Save, even with transport delivery pending
TestingLibraryElementError: Unable to find an accessible element with the role "button" and name "Save changes"

Here are the accessible roles:

  button:

  Name "Reload Preview":
  [36m<button[39m
    [33maria-label[39m=[32m"Reload Preview"[39m
    [33mclass[39m=[32m"icon-only readable-tooltip"[39m
    [33mdata-tooltip[39m=[32m"Reload Preview"[39m
    [33mdata-tooltip-placement[39m=[32m"bottom"[39m
    [33mtitle[39m=[32m"Reload Preview"[39m
    [33mtype[39m=[32m"button"[39m
  [36m/>[39m

  Name "Comment on element":
  [36m<button[39m
    [33maria-label[39m=[32m"Comment on element"[39m
    [33maria-pressed[39m=[32m"false"[39m
    [33mclass[39m=[32m"viewer-action viewer-action-icon viewer-comment-toggle readable-tooltip"[39m
    [33mdata-testid[39m=[32m"board-mode-toggle"[39m
    [33mdata-tooltip[39m=[32m"Comment on element"[39m
    [33mdata-tooltip-placement[39m=[32m"bottom"[39m
    [33mtitle[39m=[32m"Comment on element"[39m
    [33mtype[39m=[32m"button"[39m
  [36m/>[39m

  Name "Select range":
  [36m<button[39m
    [33maria-label[39m=[32m"Select range"[39m
    [33maria-pressed[39m=[32m"false"[39m
    [33mclass[39m=[32m"viewer-action viewer-action-icon readable-tooltip"[39m
    [33mdata-testid[39m=[32m"draw-overlay-toggle"[39m
    [33mdata-tooltip[39m=[32m"Select range"[39m
    [33mdata-tooltip-placement[39m=[32m"bottom"[39m
    [33mtitle[39m=[32m"Select range"[39m
    [33mtype[39m=[32m"button"[39m
  [36m/>[39m

  Name "Edit":
  [36m<button[39m
    [33maria-label[39m=[32m"Edit"[39m
    [33maria-pressed[39m=[32m"true"[39m
    [33mclass[39m=[32m"viewer-action viewer-direct-edit readable-tooltip active"[39m
    [33mdata-testid[39m=[32m"manual-edit-mode-toggle"[39m
    [33mdata-tooltip[39m=[32m"Edit"[39m
    [33mdata-tooltip-placement[39m=[32m"bottom"[39m
    [33mtitle[39m=[32m"Edit"[39m
    [33mtype[39m=[32m"button"[39m
  [36m/>[39m

  Name "Comments (0)":
  [36m<button[39m
    [33maria-label[39m=[32m"Comments (0)"[39m
    [33maria-pressed[39m=[32m"false"[39m
    [33mclass[39m=[32m"viewer-action viewer-comment-count-trigger viewer-comment-toggle readable-tooltip"[39m
    [33mdata-testid[39m=[32m"comment-panel-toggle"[39m
    [33mdata-tooltip[39m=[32m"Comments"[39m
    [33mdata-tooltip-placement[39m=[32m"bottom"[39m
    [33mtitle[39m=[32m"Comments"[39m
    [33mtype[39m=[32m"button"[39m
  [36m/>[39m

  Name "100%":
  [36m<button[39m
    [33maria-expanded[39m=[32m"false"[39m
    [33maria-haspopup[39m=[32m"menu"[39m
    [33mclass[39m=[32m"viewer-action zoom-trigger readable-tooltip"[39m
    [33mdata-tooltip[39m=[32m"Reset zoom"[39m
    [33mdata-tooltip-placement[39m=[32m"bottom"[39m
    [33mtitle[39m=[32m"Reset zoom"[39m
    [33mtype[39m=[32m"button"[39m
  [36m/>[39m

  Name "Font size decrease":
  [36m<button[39m
    [33maria-label[39m=[32m"Font size decrease"[39m
    [33mclass[39m=[32m"_step_599c84 readable-tooltip"[39m
    [33mdata-tooltip[39m=[32m"Font size decrease"[39m
    [33mdisabled[39m=[32m""[39m
    [33mtype[39m=[32m"button"[39m
  [36m/>[39m

  Name "Font size increase":
  [36m<button[39m
    [33maria-label[39m=[32m"Font size increase"[39m
    [33mclass[39m=[32m"_step_599c84 readable-tooltip"[39m
    [33mdata-tooltip[39m=[32m"Font size increase"[39m
    [33mdisabled[39m=[32m""[39m
    [33mtype[39m=[32m"button"[39m
  [36m/>[39m

  Name "Bold":
  [36m<button[39m
    [33maria-label[39m=[32m"Bold"[39m
    [33maria-pressed[39m=[32m"false"[39m
    [33mclass[39m=[32m"_button_ee6a60 _subtle_ee6a60 subtle _icon_ee6a60 icon-btn readable-tooltip"[39m
    [33mdata-tooltip[39m=[32m"Bold"[39m
    [33mdisabled[39m=[32m""[39m
    [33mtype[39m=[32m"button"[39m
  [36m/>[39m

  Name "Italic":
  [36m<button[39m
    [33maria-label[39m=[32m"Italic"[39m
    [33maria-pressed[39m=[32m"false"[39m
    [33mclass[39m=[32m"_button_ee6a60 _subtle_ee6a60 subtle _icon_ee6a60 icon-btn readable-tooltip"[39m
    [33mdata-tooltip[39m=[32m"Italic"[39m
    [33mdisabled[39m=[32m""[39m
    [33mtype[39m=[32m"button"[39m
  [36m/>[39m

  Name "Underline":
  [36m<button[39m
    [33maria-label[39m=[32m"Underline"[39m
    [33maria-pressed[39m=[32m"false"[39m
    [33mclass[39m=[32m"_button_ee6a60 _subtle_ee6a60 subtle _icon_ee6a60 icon-btn readable-tooltip"[39m
    [33mdata-tooltip[39m=[32m"Underline"[39m
    [33mdisabled[39m=[32m""[39m
    [33mtype[39m=[32m"button"[39m
  [36m/>[39m

  Name "Text color":
  [36m<button[39m
    [33maria-expanded[39m=[32m"false"[39m
    [33maria-label[39m=[32m"Text color"[39m
    [33mclass[39m=[32m"_swatch_599c84 readable-tooltip"[39m
    [33mdata-tooltip[39m=[32m"Text color"[39m
    [33mstyle[39m=[32m"--swatch-color: transparent;"[39m
    [33mtype[39m=[32m"button"[39m
  [36m/>[39m

  Name "Align left":
  [36m<button[39m
    [33maria-label[39m=[32m"Align left"[39m
    [33maria-pressed[39m=[32m"false"[39m
    [33mclass[39m=[32m"_button_ee6a60 _subtle_ee6a60 subtle _icon_ee6a60 icon-btn readable-tooltip"[39m
    [33mdata-tooltip[39m=[32m"Align left"[39m
    [33mtype[39m=[32m"button"[39m
  [36m/>[39m

  Name "Align center":
  [36m<button[39m
    [33maria-label[39m=[32m"Align center"[39m
    [33maria-pressed[39m=[32m"false"[39m
    [33mclass[39m=[32m"_button_ee6a60 _subtle_ee6a60 subtle _icon_ee6a60 icon-btn readable-tooltip"[39m
    [33mdata-tooltip[39m=[32m"Align center"[39m
    [33mtype[39m=[32m"button"[39m
  [36m/>[39m

  Name "Align right":
  [36m<button[39m
    [33maria-label[39m=[32m"Align right"[39m
    [33maria-pressed[39m=[32m"false"[39m
    [33mclass[39m=[32m"_button_ee6a60 _subtle_ee6a60 subtle _icon_ee6a60 icon-btn readable-tooltip"[39m
    [33mdata-tooltip[39m=[32m"Align right"[39m
    [33mtype[39m=[32m"button"[39m
  [36m/>[39m

  Name "Justify":
  [36m<button[39m
    [33maria-label[39m=[32m"Justify"[39m
    [33maria-pressed[39m=[32m"false"[39m
    [33mclass[39m=[32m"_button_ee6a60 _subtle_ee6a60 subtle _icon_ee6a60 icon-btn readable-tooltip"[39m
    [33mdata-tooltip[39m=[32m"Justify"[39m
    [33mtype[39m=[32m"button"[39m
  [36m/>[39m

  Name "Line height decrease":
  [36m<button[39m
    [33maria-label[39m=[32m"Line height decrease"[39m
    [33mclass[39m=[32m"_step_599c84 readable-tooltip"[39m
    [33mdata-tooltip[39m=[32m"Line height decrease"[39m
    [33mdisabled[39m=[32m""[39m
    [33mtype[39m=[32m"button"[39m
  [36m/>[39m

  Name "Line height increase":
  [36m<button[39m
    [33maria-label[39m=[32m"Line height increase"[39m
    [33mclass[39m=[32m"_step_599c84 readable-tooltip"[39m
    [33mdata-tooltip[39m=[32m"Line height increase"[39m
    [33mdisabled[39m=[32m""[39m
    [33mtype[39m=[32m"button"[39m
  [36m/>[39m

  Name "Letter spacing decrease":
  [36m<button[39m
    [33maria-label[39m=[32m"Letter spacing decrease"[39m
    [33mclass[39m=[32m"_step_599c84 readable-tooltip"[39m
    [33mdata-tooltip[39m=[32m"Letter spacing decrease"[39m
    [33mdisabled[39m=[32m""[39m
    [33mtype[39m=[32m"button"[39m
  [36m/>[39m

  Name "Letter spacing increase":
  [36m<button[39m
    [33maria-label[39m=[32m"Letter spacing increase"[39m
    [33mclass[39m=[32m"_step_599c84 readable-tooltip"[39m
    [33mdata-tooltip[39m=[32m"Letter spacing increase"[39m
    [33mdisabled[39m=[32m""[39m
    [33mtype[39m=[32m"button"[39m
  [36m/>[39m

  Name "Undo":
  [36m<button[39m
    [33maria-label[39m=[32m"Undo"[39m
    [33mclass[39m=[32m"_button_ee6a60 _subtle_ee6a60 subtle _icon_ee6a60 icon-btn"[39m
    [33mdisabled[39m=[32m""[39m
    [33mtitle[39m=[32m"Undo"[39m
    [33mtype[39m=[32m"button"[39m
  [36m/>[39m

  Name "Redo":
  [36m<button[39m
    [33maria-label[39m=[32m"Redo"[39m
    [33mclass[39m=[32m"_button_ee6a60 _subtle_ee6a60 subtle _icon_ee6a60 icon-btn"[39m
    [33mdisabled[39m=[32m""[39m
    [33mtitle[39m=[32m"Redo"[39m
    [33mtype[39m=[32m"button"[39m
  [36m/>[39m

  Name "Fill":
  [36m<button[39m
    [33maria-expanded[39m=[32m"false"[39m
    [33maria-label[39m=[32m"Fill"[39m
    [33mclass[39m=[32m"_swatch_75e98d readable-tooltip"[39m
    [33mdata-tooltip[39m=[32m"Fill"[39m
    [33mstyle[39m=[32m"--swatch-color: transparent;"[39m
    [33mtitle[39m=[32m"Fill"[39m
    [33mtype[39m=[32m"button"[39m
  [36m/>[39m

  Name "Spacing":
  [36m<button[39m
    [33maria-expanded[39m=[32m"false"[39m
    [33maria-label[39m=[32m"Spacing"[39m
    [33mclass[39m=[32m"_button_ee6a60 _subtle_ee6a60 subtle _popoverButton_75e98d readable-tooltip"[39m
    [33mdata-tooltip[39m=[32m"Spacing"[39m
    [33mtype[39m=[32m"button"[39m
  [36m/>[39m

  Name "Border":
  [36m<button[39m
    [33maria-expanded[39m=[32m"false"[39m
    [33maria-label[39m=[32m"Border"[39m
    [33mclass[39m=[32m"_button_ee6a60 _subtle_ee6a60 subtle _popoverButton_75e98d readable-tooltip"[39m
    [33mdata-tooltip[39m=[32m"Border"[39m
    [33mtype[39m=[32m"button"[39m
  [36m/>[39m

  Name "More":
  [36m<button[39m
    [33maria-expanded[39m=[32m"false"[39m
    [33maria-label[39m=[32m"More"[39m
    [33mclass[39m=[32m"_button_ee6a60 _subtle_ee6a60 subtle _popoverButton_75e98d readable-tooltip"[39m
    [33mdata-tooltip[39m=[32m"More"[39m
    [33mtype[39m=[32m"button"[39m
  [36m/>[39m

  Name "Present":
  [36m<button[39m
    [33maria-expanded[39m=[32m"false"[39m
    [33maria-haspopup[39m=[32m"menu"[39m
    [33maria-label[39m=[32m"Present"[39m
    [33mclass[39m=[32m"chrome-action chrome-action-secondary chrome-action-icon present-trigger readable-tooltip"[39m
    [33mdata-tooltip[39m=[32m"Present"[39m
    [33mdata-tooltip-placement[39m=[32m"bottom"[39m
    [33mtitle[39m=[32m"Present"[39m
  [36m/>[39m

  Name "Share":
  [36m<button[39m
    [33maria-expanded[39m=[32m"false"[39m
    [33maria-haspopup[39m=[32m"menu"[39m
    [33maria-label[39m=[32m"Share"[39m
    [33mclass[39m=[32m"chrome-action chrome-action-secondary chrome-action-with-label chrome-action-text-only"[39m
    [33mtype[39m=[32m"button"[39m
  [36m/>[39m

  Name "Download":
  [36m<button[39m
    [33maria-expanded[39m=[32m"false"[39m
    [33maria-haspopup[39m=[32m"menu"[39m
    [33mclass[39m=[32m"chrome-action chrome-action-primary chrome-action-export"[39m
    [33mtype[39m=[32m"button"[39m
  [36m/>[39m

  Name "Resize top-left corner":
  [36m<button[39m
    [33maria-label[39m=[32m"Resize top-left corner"[39m
    [33mclass[39m=[32m"_handle_a82496 _handle-nw_a82496 "[39m
    [33mdata-direction[39m=[32m"nw"[39m
    [33mstyle[39m=[32m"left: 0px; top: 0px;"[39m
    [33mtabindex[39m=[32m"-1"[39m
    [33mtype[39m=[32m"button"[39m
  [36m/>[39m

  Name "Resize top edge":
  [36m<button[39m
    [33maria-label[39m=[32m"Resize top edge"[39m
    [33mclass[39m=[32m"_handle_a82496 _handle-n_a82496 "[39m
    [33mdata-direction[39m=[32m"n"[39m
    [33mstyle[39m=[32m"left: 10px; top: 0px;"[39m
    [33mtabindex[39m=[32m"-1"[39m
    [33mtype[39m=[32m"button"[39m
  [36m/>[39m

  Name "Resize top-right corner":
  [36m<button[39m
    [33maria-label[39m=[32m"Resize top-right corner"[39m
    [33mclass[39m=[32m"_handle_a82496 _handle-ne_a82496 "[39m
    [33mdata-direction[39m=[32m"ne"[39m
    [33mstyle[39m=[32m"left: 20px; top: 0px;"[39m
    [33mtabindex[39m=[32m"-1"[39m
    [33mtype[39m=[32m"button"[39m
  [36m/>[39m

  Name "Resize right edge":
  [36m<button[39m
    [33maria-label[39m=[32m"Resize right edge"[39m
    [33mclass[39m=[32m"_handle_a82496 _handle-e_a82496 "[39m
    [33mdata-direction[39m=[32m"e"[39m
    [33mstyle[39m=[32m"left: 20px; top: 10px;"[39m
    [33mtabindex[39m=[32m"-1"[39m
    [33mtype[39m=[32m"button"[39m
  [36m/>[39m

  Name "Resize bottom-right corner":
  [36m<button[39m
    [33maria-label[39m=[32m"Resize bottom-right corner"[39m
    [33mclass[39m=[32m"_handle_a82496 _handle-se_a82496 "[39m
    [33mdata-direction[39m=[32m"se"[39m
    [33mstyle[39m=[32m"left: 20px; top: 20px;"[39m
    [33mtabindex[39m=[32m"-1"[39m
    [33mtype[39m=[32m"button"[39m
  [36m/>[39m

  Name "Resize bottom edge":
  [36m<button[39m
    [33maria-label[39m=[32m"Resize bottom edge"[39m
    [33mclass[39m=[32m"_handle_a82496 _handle-s_a82496 "[39m
    [33mdata-direction[39m=[32m"s"[39m
    [33mstyle[39m=[32m"left: 10px; top: 20px;"[39m
    [33mtabindex[39m=[32m"-1"[39m
    [33mtype[39m=[32m"button"[39m
  [36m/>[39m

  Name "Resize bottom-left corner":
  [36m<button[39m
    [33maria-label[39m=[32m"Resize bottom-left corner"[39m
    [33mclass[39m=[32m"_handle_a82496 _handle-sw_a82496 "[39m
    [33mdata-direction[39m=[32m"sw"[39m
    [33mstyle[39m=[32m"left: 0px; top: 20px;"[39m
    [33mtabindex[39m=[32m"-1"[39m
    [33mtype[39m=[32m"button"[39m
  [36m/>[39m

  Name "Resize left edge":
  [36m<button[39m
    [33maria-label[39m=[32m"Resize left edge"[39m
    [33mclass[39m=[32m"_handle_a82496 _handle-w_a82496 "[39m
    [33mdata-direction[39m=[32m"w"[39m
    [33mstyle[39m=[32m"left: 0px; top: 10px;"[39m
    [33mtabindex[39m=[32m"-1"[39m
    [33mtype[39m=[32m"button"[39m
  [36m/>[39m

  --------------------------------------------------
  tablist:

  Name "View mode":
  [36m<div[39m
    [33maria-label[39m=[32m"View mode"[39m
    [33mclass[39m=[32m"viewer-tabs"[39m
    [33mrole[39m=[32m"tablist"[39m
  [36m/>[39m

  --------------------------------------------------
  tab:

  Name "Preview":
  [36m<button[39m
    [33maria-selected[39m=[32m"true"[39m
    [33mclass[39m=[32m"viewer-tab active"[39m
    [33mrole[39m=[32m"tab"[39m
    [33mtype[39m=[32m"button"[39m
  [36m/>[39m

  Name "Code":
  [36m<button[39m
    [33maria-selected[39m=[32m"false"[39m
    [33mclass[39m=[32m"viewer-tab "[39m
    [33mrole[39m=[32m"tab"[39m
    [33mtype[39m=[32m"button"[39m
  [36m/>[39m

  --------------------------------------------------
  toolbar:

  Name "Preview tools":
  [36m<div[39m
    [33maria-label[39m=[32m"Preview tools"[39m
    [33mclass[39m=[32m"viewer-tool-rail"[39m
    [33mrole[39m=[32m"toolbar"[39m
  [36m/>[39m

  --------------------------------------------------
  group:

  Name "Send to LLM":
  [36m<div[39m
    [33maria-label[39m=[32m"Send to LLM"[39m
    [33mclass[39m=[32m"viewer-tool-group viewer-tool-group-llm"[39m
    [33mrole[39m=[32m"group"[39m
  [36m/>[39m

  Name "Direct edit":
  [36m<div[39m
    [33maria-label[39m=[32m"Direct edit"[39m
    [33mclass[39m=[32m"viewer-tool-group viewer-tool-group-direct"[39m
    [33mrole[39m=[32m"group"[39m
  [36m/>[39m

  Name "Move element":
  [36m<div[39m
    [33maria-label[39m=[32m"Move element"[39m
    [33mclass[39m=[32m"_container_46ff88 _editing_46ff88"[39m
    [33mdata-readable-edit-primary-surface[39m=[32m"true"[39m
    [33mdata-readable-edit-selected-surface[39m=[32m"true"[39m
    [33mrole[39m=[32m"group"[39m
    [33mstyle[39m=[32m"left: 0px; top: 0px; width: 0px; height: 0px;"[39m
    [33mtabindex[39m=[32m"-1"[39m
  [36m/>[39m

  Name "Resize element":
  [36m<div[39m
    [33maria-label[39m=[32m"Resize element"[39m
    [33mclass[39m=[32m"_container_a82496"[39m
    [33mdata-readable-edit-selected-surface[39m=[32m"true"[39m
    [33mrole[39m=[32m"group"[39m
    [33mstyle[39m=[32m"left: 0px; top: 0px; width: 0px; height: 0px;"[39m
    [33mtabindex[39m=[32m"-1"[39m
  [36m/>[39m

  --------------------------------------------------
  combobox:

  Name "Font":
  [36m<input[39m
    [33maria-autocomplete[39m=[32m"list"[39m
    [33maria-controls[39m=[32m":r20:"[39m
    [33maria-expanded[39m=[32m"false"[39m
    [33maria-label[39m=[32m"Font"[39m
    [33mclass[39m=[32m"_fontInput_599c84"[39m
    [33mdata-tooltip[39m=[32m"Font"[39m
    [33mrole[39m=[32m"combobox"[39m
    [33mvalue[39m=[32m""[39m
  [36m/>[39m

  Name "Weight":
  [36m<select[39m
    [33maria-label[39m=[32m"Weight"[39m
    [33mclass[39m=[32m"_select_599c84"[39m
    [33mdata-tooltip[39m=[32m"Weight"[39m
  [36m/>[39m

  --------------------------------------------------
  textbox:

  Name "Font size":
  [36m<input[39m
    [33maria-label[39m=[32m"Font size"[39m
    [33mclass[39m=[32m"_stepInput_599c84"[39m
    [33minputmode[39m=[32m"decimal"[39m
    [33mvalue[39m=[32m""[39m
  [36m/>[39m

  Name "Line height":
  [36m<input[39m
    [33maria-label[39m=[32m"Line height"[39m
    [33mclass[39m=[32m"_stepInput_599c84"[39m
    [33minputmode[39m=[32m"decimal"[39m
    [33mvalue[39m=[32m""[39m
  [36m/>[39m

  Name "Letter spacing":
  [36m<input[39m
    [33maria-label[39m=[32m"Letter spacing"[39m
    [33mclass[39m=[32m"_stepInput_599c84"[39m
    [33minputmode[39m=[32m"decimal"[39m
    [33mvalue[39m=[32m""[39m
  [36m/>[39m

  Name "Width":
  [36m<input[39m
    [33maria-label[39m=[32m"Width"[39m
    [33minputmode[39m=[32m"decimal"[39m
    [33mvalue[39m=[32m""[39m
  [36m/>[39m

  Name "Height":
  [36m<input[39m
    [33maria-label[39m=[32m"Height"[39m
    [33minputmode[39m=[32m"decimal"[39m
    [33mvalue[39m=[32m""[39m
  [36m/>[39m

  Name "Radius":
  [36m<input[39m
    [33maria-label[39m=[32m"Radius"[39m
    [33minputmode[39m=[32m"decimal"[39m
    [33mvalue[39m=[32m""[39m
  [36m/>[39m

  Name "Opacity":
  [36m<input[39m
    [33maria-label[39m=[32m"Opacity"[39m
    [33minputmode[39m=[32m"decimal"[39m
    [33mvalue[39m=[32m""[39m
  [36m/>[39m

  --------------------------------------------------
  option:

  Name "–":
  [36m<option[39m
    [33mvalue[39m=[32m""[39m
  [36m/>[39m

  Name "100":
  [36m<option[39m
    [33mvalue[39m=[32m"100"[39m
  [36m/>[39m

  Name "200":
  [36m<option[39m
    [33mvalue[39m=[32m"200"[39m
  [36m/>[39m

  Name "300":
  [36m<option[39m
    [33mvalue[39m=[32m"300"[39m
  [36m/>[39m

  Name "400":
  [36m<option[39m
    [33mvalue[39m=[32m"400"[39m
  [36m/>[39m

  Name "500":
  [36m<option[39m
    [33mvalue[39m=[32m"500"[39m
  [36m/>[39m

  Name "600":
  [36m<option[39m
    [33mvalue[39m=[32m"600"[39m
  [36m/>[39m

  Name "700":
  [36m<option[39m
    [33mvalue[39m=[32m"700"[39m
  [36m/>[39m

  Name "800":
  [36m<option[39m
    [33mvalue[39m=[32m"800"[39m
  [36m/>[39m

  Name "900":
  [36m<option[39m
    [33mvalue[39m=[32m"900"[39m
  [36m/>[39m

  --------------------------------------------------
  emphasis:

  Name "":
  [36m<em />[39m

  Name "":
  [36m<em />[39m

  Name "":
  [36m<em />[39m

  --------------------------------------------------

Ignored nodes: comments, script, style
[36m<body>[39m
  [36m<div>[39m
    [36m<div[39m
      [33mclass[39m=[32m"viewer html-viewer"[39m
    [36m>[39m
      [36m<div[39m
        [33mclass[39m=[32m"viewer-toolbar"[39m
      [36m>[39m
        [36m<div[39m
          [33mclass[39m=[32m"viewer-toolbar-left"[39m
        [36m>[39m
          [36m<button[39m
            [33maria-label[39m=[32m"Reload Preview"[39m
            [33mclass[39m=[32m"icon-only readable-tooltip"[39m
            [33mdata-tooltip[39m=[32m"Reload Preview"[39m
            [33mdata-tooltip-placement[39m=[32m"bottom"[39m
            [33mtitle[39m=[32m"Reload Preview"[39m
            [33mtype[39m=[32m"button"[39m
          [36m>[39m
            [36m<svg[39m
              [33maria-hidden[39m=[32m"true"[39m
              [33mfill[39m=[32m"none"[39m
              [33mfocusable[39m=[32m"false"[39m
              [33mheight[39m=[32m"14"[39m
              [33mstroke[39m=[32m"currentColor"[39m
              [33mstroke-linecap[39m=[32m"round"[39m
              [33mstroke-linejoin[39m=[32m"round"[39m
              [33mstroke-width[39m=[32m"1.6"[39m
              [33mviewBox[39m=[32m"0 0 24 24"[39m
              [33mwidth[39m=[32m"14"[39m
            [36m>[39m
              [36m<path[39m
                [33md[39m=[32m"M21 12a9 9 0 1 1-3-6.7"[39m
              [36m/>[39m
              [36m<path[39m
                [33md[39m=[32m"M21 4v5h-5"[39m
              [36m/>[39m
            [36m</svg>[39m
          [36m</button>[39m
          [36m<div[39m
            [33maria-label[39m=[32m"View mode"[39m
            [33mclass[39m=[32m"viewer-tabs"[39m
            [33mrole[39m=[32m"tablist"[39m
          [36m>[39m
            [36m<button[39m
              [33maria-selected[39m=[32m"true"[39m
              [33mclass[39m=[32m"viewer-tab active"[39m
              [33mrole[39m=[32m"tab"[39m
              [33mtype[39m=[32m"button"[39m
            [36m>[39m
              [0mPreview[0m
            [36m</button>[39m
            [36m<button[39m
              [33maria-selected[39m=[32m"false"[39m
              [33mclass[39m=[32m"viewer-tab "[39m
              [33mrole[39m=[32m"tab"[39m
              [33mtype[39m=[32m"button"[39m
            [36m>[39m
              [0mCode[0m
            [36m</button>[39m
          [36m</div>[39m
        [36m</div>[39m
        [36m<div[39m
          [33maria-label[39m=[32m"Preview tools"[39m
          [33mclass[39m=[32m"viewer-tool-rail"[39m
          [33mrole[39m=[32m"toolbar"[39m
        [36m>[39m
          [36m<div[39m
            [33maria-label[39m=[32m"Send to LLM"[39m
            [33mclass[39m=[32m"viewer-tool-group viewer-tool-group-llm"[39m
            [33mrole[39m=[32m"group"[39m
          [36m>[39m
            [36m<span[39m
              [33mclass[39m=[32m"viewer-tool-group-label"[39m
            [36m>[39m
              [0mSend to LLM[0m
            [36m</span>[39m
            [36m<div[39m
              [33mclass[39m=[32m"artifact-tool-menu-anchor"[39m
            [36m>[39m
              [36m<button[39m
                [33maria-label[39m=[32m"Comment on element"[39m
                [33maria-pressed[39m=[32m"false"[39m
                [33mclass[39m=[32m"viewer-action viewer-action-icon viewer-comment-toggle readable-tooltip"[39m
                [33mdata-testid[39m=[32m"board-mode-toggle"[39m
                [33mdata-tooltip[39m=[32m"Comment on element"[39m
                [33mdata-tooltip-placement[39m=[32m"bottom"[39m
                [33mtitle[39m=[32m"Comment on element"[39m
                [33mtype[39m=[32m"button"[39m
              [36m>[39m
                [36m<i[39m
                  [33maria-hidden[39m=[32m"true"[39m
                  [33mclass[39m=[32m"ri-chat-new-line"[39m
                  [33mstyle[39m=[32m"font-size: 15px; line-height: 1; width: 15px; height: 15px; display: inline-flex; align-items: center; justify-content: center;"[39m
                [36m/>[39m
              [36m</button>[39m
            [36m</div>[39m
            [36m<button[39m
              [33maria-label[39m=[32m"Select range"[39m
              [33maria-pressed[39m=[32m"false"[39m
              [33mclass[39m=[32m"viewer-action viewer-action-icon readable-tooltip"[39m
              [33mdata-testid[39m=[32m"draw-overlay-toggle"[39m
              [33mdata-tooltip[39m=[32m"Select range"[39m
              [33mdata-tooltip-placement[39m=[32m"bottom"[39m
              [33mtitle[39m=[32m"Select range"[39m
              [33mtype[39m=[32m"button"[39m
            [36m>[39m
              [36m<i[39m
                [33maria-hidden[39m=[32m"true"[39m
                [33mclass[39m=[32m"ri-mark-pen-line"[39m
                [33mstyle[39m=[32m"font-size: 15px; line-height: 1; width: 15px; height: 15px; display: inline-flex; align-items: center; justify-content: center;"[39m
              [36m/>[39m
            [36m</button>[39m
          [36m</div>[39m
          [36m<span[39m
            [33maria-hidden[39m=[32m"true"[39m
            [33mclass[39m=[32m"viewer-tool-divider"[39m
          [36m/>[39m
          [36m<div[39m
            [33maria-label[39m=[32m"Direct edit"[39m
            [33mclass[39m=[32m"viewer-tool-group viewer-tool-group-direct"[39m
            [33mrole[39m=[32m"group"[39m
          [36m>[39m
            [36m<button[39m
              [33maria-label[39m=[32m"Edit"[39m
              [33maria-pressed[39m=[32m"true"[39m
              [33mclass[39m=[32m"viewer-action viewer-direct-edit readable-tooltip active"[39m
              [33mdata-testid[39m=[32m"manual-edit-mode-toggle"[39m
              [33mdata-tooltip[39m=[32m"Edit"[39m
              [33mdata-tooltip-placement[39m=[32m"bottom"[39m
              [33mtitle[39m=[32m"Edit"[39m
              [33mtype[39m=[32m"button"[39m
            [36m>[39m
              [36m<i[39m
                [33maria-hidden[39m=[32m"true"[39m
                [33mclass[39m=[32m"ri-edit-line"[39m
                [33mstyle[39m=[32m"font-size: 15px; line-height: 1; width: 15px; height: 15px; display: inline-flex; align-items: center; justify-content: center;"[39m
              [36m/>[39m
              [36m<span[39m
                [33mclass[39m=[32m"viewer-direct-edit-label"[39m
              [36m>[39m
                [0mDirect edit[0m
              [36m</span>[39m
            [36m</button>[39m
          [36m</div>[39m
        [36m</div>[39m
        [36m<div[39m
          [33mclass[39m=[32m"viewer-toolbar-utilities"[39m
        [36m>[39m
          [36m<button[39m
            [33maria-label[39m=[32m"Comments (0)"[39m
            [33maria-pressed[39m=[32m"false"[39m
         ...
 ❯ Object.getElementError ../../node_modules/.pnpm/@testing-library+dom@10.4.1/node_modules/@testing-library/dom/dist/config.js:37:19
 ❯ ../../node_modules/.pnpm/@testing-library+dom@10.4.1/node_modules/@testing-library/dom/dist/query-helpers.js:76:38
 ❯ ../../node_modules/.pnpm/@testing-library+dom@10.4.1/node_modules/@testing-library/dom/dist/query-helpers.js:52:17
 ❯ ../../node_modules/.pnpm/@testing-library+dom@10.4.1/node_modules/@testing-library/dom/dist/query-helpers.js:95:19
 ❯ tests/components/FileViewer.manual-edit-save-flush.test.tsx:224:52
    222|     else el.dispatchEvent(new harness.dom.window.KeyboardEvent('keydow…
    223|     expect(el.hasAttribute('contenteditable')).toBe(false);
    224|     await act(async () => { fireEvent.click(screen.getByRole('button',…
       |                                                    ^
    225|     expect(harness.writes).toHaveLength(0);
    226|     await harness.drain();
 ❯ ../../node_modules/.pnpm/@testing-library+react@16.3_8105afb30b3aed617b9ca863f1e5e96d/node_modules/@testing-library/react/dist/act-compat.js:47:24
 ❯ act ../../node_modules/.pnpm/react@18.3.1/node_modules/react/cjs/react.development.js:2512:16
 ❯ ../../node_modules/.pnpm/@testing-library+react@16.3_8105afb30b3aed617b9ca863f1e5e96d/node_modules/@testing-library/react/dist/act-compat.js:46:25
 ❯ tests/components/FileViewer.manual-edit-save-flush.test.tsx:224:11

⎯⎯⎯⎯⎯⎯⎯⎯⎯⎯⎯⎯⎯⎯⎯⎯⎯⎯⎯⎯⎯⎯[19/66]⎯

 FAIL  tests/components/FileViewer.manual-edit-save-flush.test.tsx > Save flushes the real contenteditable bridge with full host profile > blur commits exactly once before Save, even with transport delivery pending
TestingLibraryElementError: Unable to find an accessible element with the role "button" and name "Save changes"

Here are the accessible roles:

  button:

  Name "Reload Preview":
  [36m<button[39m
    [33maria-label[39m=[32m"Reload Preview"[39m
    [33mclass[39m=[32m"icon-only readable-tooltip"[39m
    [33mdata-tooltip[39m=[32m"Reload Preview"[39m
    [33mdata-tooltip-placement[39m=[32m"bottom"[39m
    [33mtitle[39m=[32m"Reload Preview"[39m
    [33mtype[39m=[32m"button"[39m
  [36m/>[39m

  Name "Comment on element":
  [36m<button[39m
    [33maria-label[39m=[32m"Comment on element"[39m
    [33maria-pressed[39m=[32m"false"[39m
    [33mclass[39m=[32m"viewer-action viewer-action-icon viewer-comment-toggle readable-tooltip"[39m
    [33mdata-testid[39m=[32m"board-mode-toggle"[39m
    [33mdata-tooltip[39m=[32m"Comment on element"[39m
    [33mdata-tooltip-placement[39m=[32m"bottom"[39m
    [33mtitle[39m=[32m"Comment on element"[39m
    [33mtype[39m=[32m"button"[39m
  [36m/>[39m

  Name "Select range":
  [36m<button[39m
    [33maria-label[39m=[32m"Select range"[39m
    [33maria-pressed[39m=[32m"false"[39m
    [33mclass[39m=[32m"viewer-action viewer-action-icon readable-tooltip"[39m
    [33mdata-testid[39m=[32m"draw-overlay-toggle"[39m
    [33mdata-tooltip[39m=[32m"Select range"[39m
    [33mdata-tooltip-placement[39m=[32m"bottom"[39m
    [33mtitle[39m=[32m"Select range"[39m
    [33mtype[39m=[32m"button"[39m
  [36m/>[39m

  Name "Edit":
  [36m<button[39m
    [33maria-label[39m=[32m"Edit"[39m
    [33maria-pressed[39m=[32m"true"[39m
    [33mclass[39m=[32m"viewer-action viewer-direct-edit readable-tooltip active"[39m
    [33mdata-testid[39m=[32m"manual-edit-mode-toggle"[39m
    [33mdata-tooltip[39m=[32m"Edit"[39m
    [33mdata-tooltip-placement[39m=[32m"bottom"[39m
    [33mtitle[39m=[32m"Edit"[39m
    [33mtype[39m=[32m"button"[39m
  [36m/>[39m

  Name "Comments (0)":
  [36m<button[39m
    [33maria-label[39m=[32m"Comments (0)"[39m
    [33maria-pressed[39m=[32m"false"[39m
    [33mclass[39m=[32m"viewer-action viewer-comment-count-trigger viewer-comment-toggle readable-tooltip"[39m
    [33mdata-testid[39m=[32m"comment-panel-toggle"[39m
    [33mdata-tooltip[39m=[32m"Comments"[39m
    [33mdata-tooltip-placement[39m=[32m"bottom"[39m
    [33mtitle[39m=[32m"Comments"[39m
    [33mtype[39m=[32m"button"[39m
  [36m/>[39m

  Name "100%":
  [36m<button[39m
    [33maria-expanded[39m=[32m"false"[39m
    [33maria-haspopup[39m=[32m"menu"[39m
    [33mclass[39m=[32m"viewer-action zoom-trigger readable-tooltip"[39m
    [33mdata-tooltip[39m=[32m"Reset zoom"[39m
    [33mdata-tooltip-placement[39m=[32m"bottom"[39m
    [33mtitle[39m=[32m"Reset zoom"[39m
    [33mtype[39m=[32m"button"[39m
  [36m/>[39m

  Name "Font size decrease":
  [36m<button[39m
    [33maria-label[39m=[32m"Font size decrease"[39m
    [33mclass[39m=[32m"_step_599c84 readable-tooltip"[39m
    [33mdata-tooltip[39m=[32m"Font size decrease"[39m
    [33mdisabled[39m=[32m""[39m
    [33mtype[39m=[32m"button"[39m
  [36m/>[39m

  Name "Font size increase":
  [36m<button[39m
    [33maria-label[39m=[32m"Font size increase"[39m
    [33mclass[39m=[32m"_step_599c84 readable-tooltip"[39m
    [33mdata-tooltip[39m=[32m"Font size increase"[39m
    [33mdisabled[39m=[32m""[39m
    [33mtype[39m=[32m"button"[39m
  [36m/>[39m

  Name "Bold":
  [36m<button[39m
    [33maria-label[39m=[32m"Bold"[39m
    [33maria-pressed[39m=[32m"false"[39m
    [33mclass[39m=[32m"_button_ee6a60 _subtle_ee6a60 subtle _icon_ee6a60 icon-btn readable-tooltip"[39m
    [33mdata-tooltip[39m=[32m"Bold"[39m
    [33mdisabled[39m=[32m""[39m
    [33mtype[39m=[32m"button"[39m
  [36m/>[39m

  Name "Italic":
  [36m<button[39m
    [33maria-label[39m=[32m"Italic"[39m
    [33maria-pressed[39m=[32m"false"[39m
    [33mclass[39m=[32m"_button_ee6a60 _subtle_ee6a60 subtle _icon_ee6a60 icon-btn readable-tooltip"[39m
    [33mdata-tooltip[39m=[32m"Italic"[39m
    [33mdisabled[39m=[32m""[39m
    [33mtype[39m=[32m"button"[39m
  [36m/>[39m

  Name "Underline":
  [36m<button[39m
    [33maria-label[39m=[32m"Underline"[39m
    [33maria-pressed[39m=[32m"false"[39m
    [33mclass[39m=[32m"_button_ee6a60 _subtle_ee6a60 subtle _icon_ee6a60 icon-btn readable-tooltip"[39m
    [33mdata-tooltip[39m=[32m"Underline"[39m
    [33mdisabled[39m=[32m""[39m
    [33mtype[39m=[32m"button"[39m
  [36m/>[39m

  Name "Text color":
  [36m<button[39m
    [33maria-expanded[39m=[32m"false"[39m
    [33maria-label[39m=[32m"Text color"[39m
    [33mclass[39m=[32m"_swatch_599c84 readable-tooltip"[39m
    [33mdata-tooltip[39m=[32m"Text color"[39m
    [33mstyle[39m=[32m"--swatch-color: transparent;"[39m
    [33mtype[39m=[32m"button"[39m
  [36m/>[39m

  Name "Align left":
  [36m<button[39m
    [33maria-label[39m=[32m"Align left"[39m
    [33maria-pressed[39m=[32m"false"[39m
    [33mclass[39m=[32m"_button_ee6a60 _subtle_ee6a60 subtle _icon_ee6a60 icon-btn readable-tooltip"[39m
    [33mdata-tooltip[39m=[32m"Align left"[39m
    [33mtype[39m=[32m"button"[39m
  [36m/>[39m

  Name "Align center":
  [36m<button[39m
    [33maria-label[39m=[32m"Align center"[39m
    [33maria-pressed[39m=[32m"false"[39m
    [33mclass[39m=[32m"_button_ee6a60 _subtle_ee6a60 subtle _icon_ee6a60 icon-btn readable-tooltip"[39m
    [33mdata-tooltip[39m=[32m"Align center"[39m
    [33mtype[39m=[32m"button"[39m
  [36m/>[39m

  Name "Align right":
  [36m<button[39m
    [33maria-label[39m=[32m"Align right"[39m
    [33maria-pressed[39m=[32m"false"[39m
    [33mclass[39m=[32m"_button_ee6a60 _subtle_ee6a60 subtle _icon_ee6a60 icon-btn readable-tooltip"[39m
    [33mdata-tooltip[39m=[32m"Align right"[39m
    [33mtype[39m=[32m"button"[39m
  [36m/>[39m

  Name "Justify":
  [36m<button[39m
    [33maria-label[39m=[32m"Justify"[39m
    [33maria-pressed[39m=[32m"false"[39m
    [33mclass[39m=[32m"_button_ee6a60 _subtle_ee6a60 subtle _icon_ee6a60 icon-btn readable-tooltip"[39m
    [33mdata-tooltip[39m=[32m"Justify"[39m
    [33mtype[39m=[32m"button"[39m
  [36m/>[39m

  Name "Line height decrease":
  [36m<button[39m
    [33maria-label[39m=[32m"Line height decrease"[39m
    [33mclass[39m=[32m"_step_599c84 readable-tooltip"[39m
    [33mdata-tooltip[39m=[32m"Line height decrease"[39m
    [33mdisabled[39m=[32m""[39m
    [33mtype[39m=[32m"button"[39m
  [36m/>[39m

  Name "Line height increase":
  [36m<button[39m
    [33maria-label[39m=[32m"Line height increase"[39m
    [33mclass[39m=[32m"_step_599c84 readable-tooltip"[39m
    [33mdata-tooltip[39m=[32m"Line height increase"[39m
    [33mdisabled[39m=[32m""[39m
    [33mtype[39m=[32m"button"[39m
  [36m/>[39m

  Name "Letter spacing decrease":
  [36m<button[39m
    [33maria-label[39m=[32m"Letter spacing decrease"[39m
    [33mclass[39m=[32m"_step_599c84 readable-tooltip"[39m
    [33mdata-tooltip[39m=[32m"Letter spacing decrease"[39m
    [33mdisabled[39m=[32m""[39m
    [33mtype[39m=[32m"button"[39m
  [36m/>[39m

  Name "Letter spacing increase":
  [36m<button[39m
    [33maria-label[39m=[32m"Letter spacing increase"[39m
    [33mclass[39m=[32m"_step_599c84 readable-tooltip"[39m
    [33mdata-tooltip[39m=[32m"Letter spacing increase"[39m
    [33mdisabled[39m=[32m""[39m
    [33mtype[39m=[32m"button"[39m
  [36m/>[39m

  Name "Undo":
  [36m<button[39m
    [33maria-label[39m=[32m"Undo"[39m
    [33mclass[39m=[32m"_button_ee6a60 _subtle_ee6a60 subtle _icon_ee6a60 icon-btn"[39m
    [33mdisabled[39m=[32m""[39m
    [33mtitle[39m=[32m"Undo"[39m
    [33mtype[39m=[32m"button"[39m
  [36m/>[39m

  Name "Redo":
  [36m<button[39m
    [33maria-label[39m=[32m"Redo"[39m
    [33mclass[39m=[32m"_button_ee6a60 _subtle_ee6a60 subtle _icon_ee6a60 icon-btn"[39m
    [33mdisabled[39m=[32m""[39m
    [33mtitle[39m=[32m"Redo"[39m
    [33mtype[39m=[32m"button"[39m
  [36m/>[39m

  Name "Fill":
  [36m<button[39m
    [33maria-expanded[39m=[32m"false"[39m
    [33maria-label[39m=[32m"Fill"[39m
    [33mclass[39m=[32m"_swatch_75e98d readable-tooltip"[39m
    [33mdata-tooltip[39m=[32m"Fill"[39m
    [33mstyle[39m=[32m"--swatch-color: transparent;"[39m
    [33mtitle[39m=[32m"Fill"[39m
    [33mtype[39m=[32m"button"[39m
  [36m/>[39m

  Name "Spacing":
  [36m<button[39m
    [33maria-expanded[39m=[32m"false"[39m
    [33maria-label[39m=[32m"Spacing"[39m
    [33mclass[39m=[32m"_button_ee6a60 _subtle_ee6a60 subtle _popoverButton_75e98d readable-tooltip"[39m
    [33mdata-tooltip[39m=[32m"Spacing"[39m
    [33mtype[39m=[32m"button"[39m
  [36m/>[39m

  Name "Border":
  [36m<button[39m
    [33maria-expanded[39m=[32m"false"[39m
    [33maria-label[39m=[32m"Border"[39m
    [33mclass[39m=[32m"_button_ee6a60 _subtle_ee6a60 subtle _popoverButton_75e98d readable-tooltip"[39m
    [33mdata-tooltip[39m=[32m"Border"[39m
    [33mtype[39m=[32m"button"[39m
  [36m/>[39m

  Name "More":
  [36m<button[39m
    [33maria-expanded[39m=[32m"false"[39m
    [33maria-label[39m=[32m"More"[39m
    [33mclass[39m=[32m"_button_ee6a60 _subtle_ee6a60 subtle _popoverButton_75e98d readable-tooltip"[39m
    [33mdata-tooltip[39m=[32m"More"[39m
    [33mtype[39m=[32m"button"[39m
  [36m/>[39m

  Name "Present":
  [36m<button[39m
    [33maria-expanded[39m=[32m"false"[39m
    [33maria-haspopup[39m=[32m"menu"[39m
    [33maria-label[39m=[32m"Present"[39m
    [33mclass[39m=[32m"chrome-action chrome-action-secondary chrome-action-icon present-trigger readable-tooltip"[39m
    [33mdata-tooltip[39m=[32m"Present"[39m
    [33mdata-tooltip-placement[39m=[32m"bottom"[39m
    [33mtitle[39m=[32m"Present"[39m
  [36m/>[39m

  Name "Share":
  [36m<button[39m
    [33maria-expanded[39m=[32m"false"[39m
    [33maria-haspopup[39m=[32m"menu"[39m
    [33maria-label[39m=[32m"Share"[39m
    [33mclass[39m=[32m"chrome-action chrome-action-secondary chrome-action-with-label chrome-action-text-only"[39m
    [33mtype[39m=[32m"button"[39m
  [36m/>[39m

  Name "Download":
  [36m<button[39m
    [33maria-expanded[39m=[32m"false"[39m
    [33maria-haspopup[39m=[32m"menu"[39m
    [33mclass[39m=[32m"chrome-action chrome-action-primary chrome-action-export"[39m
    [33mtype[39m=[32m"button"[39m
  [36m/>[39m

  Name "Resize top-left corner":
  [36m<button[39m
    [33maria-label[39m=[32m"Resize top-left corner"[39m
    [33mclass[39m=[32m"_handle_a82496 _handle-nw_a82496 "[39m
    [33mdata-direction[39m=[32m"nw"[39m
    [33mstyle[39m=[32m"left: 0px; top: 0px;"[39m
    [33mtabindex[39m=[32m"-1"[39m
    [33mtype[39m=[32m"button"[39m
  [36m/>[39m

  Name "Resize top edge":
  [36m<button[39m
    [33maria-label[39m=[32m"Resize top edge"[39m
    [33mclass[39m=[32m"_handle_a82496 _handle-n_a82496 "[39m
    [33mdata-direction[39m=[32m"n"[39m
    [33mstyle[39m=[32m"left: 10px; top: 0px;"[39m
    [33mtabindex[39m=[32m"-1"[39m
    [33mtype[39m=[32m"button"[39m
  [36m/>[39m

  Name "Resize top-right corner":
  [36m<button[39m
    [33maria-label[39m=[32m"Resize top-right corner"[39m
    [33mclass[39m=[32m"_handle_a82496 _handle-ne_a82496 "[39m
    [33mdata-direction[39m=[32m"ne"[39m
    [33mstyle[39m=[32m"left: 20px; top: 0px;"[39m
    [33mtabindex[39m=[32m"-1"[39m
    [33mtype[39m=[32m"button"[39m
  [36m/>[39m

  Name "Resize right edge":
  [36m<button[39m
    [33maria-label[39m=[32m"Resize right edge"[39m
    [33mclass[39m=[32m"_handle_a82496 _handle-e_a82496 "[39m
    [33mdata-direction[39m=[32m"e"[39m
    [33mstyle[39m=[32m"left: 20px; top: 10px;"[39m
    [33mtabindex[39m=[32m"-1"[39m
    [33mtype[39m=[32m"button"[39m
  [36m/>[39m

  Name "Resize bottom-right corner":
  [36m<button[39m
    [33maria-label[39m=[32m"Resize bottom-right corner"[39m
    [33mclass[39m=[32m"_handle_a82496 _handle-se_a82496 "[39m
    [33mdata-direction[39m=[32m"se"[39m
    [33mstyle[39m=[32m"left: 20px; top: 20px;"[39m
    [33mtabindex[39m=[32m"-1"[39m
    [33mtype[39m=[32m"button"[39m
  [36m/>[39m

  Name "Resize bottom edge":
  [36m<button[39m
    [33maria-label[39m=[32m"Resize bottom edge"[39m
    [33mclass[39m=[32m"_handle_a82496 _handle-s_a82496 "[39m
    [33mdata-direction[39m=[32m"s"[39m
    [33mstyle[39m=[32m"left: 10px; top: 20px;"[39m
    [33mtabindex[39m=[32m"-1"[39m
    [33mtype[39m=[32m"button"[39m
  [36m/>[39m

  Name "Resize bottom-left corner":
  [36m<button[39m
    [33maria-label[39m=[32m"Resize bottom-left corner"[39m
    [33mclass[39m=[32m"_handle_a82496 _handle-sw_a82496 "[39m
    [33mdata-direction[39m=[32m"sw"[39m
    [33mstyle[39m=[32m"left: 0px; top: 20px;"[39m
    [33mtabindex[39m=[32m"-1"[39m
    [33mtype[39m=[32m"button"[39m
  [36m/>[39m

  Name "Resize left edge":
  [36m<button[39m
    [33maria-label[39m=[32m"Resize left edge"[39m
    [33mclass[39m=[32m"_handle_a82496 _handle-w_a82496 "[39m
    [33mdata-direction[39m=[32m"w"[39m
    [33mstyle[39m=[32m"left: 0px; top: 10px;"[39m
    [33mtabindex[39m=[32m"-1"[39m
    [33mtype[39m=[32m"button"[39m
  [36m/>[39m

  --------------------------------------------------
  tablist:

  Name "View mode":
  [36m<div[39m
    [33maria-label[39m=[32m"View mode"[39m
    [33mclass[39m=[32m"viewer-tabs"[39m
    [33mrole[39m=[32m"tablist"[39m
  [36m/>[39m

  --------------------------------------------------
  tab:

  Name "Preview":
  [36m<button[39m
    [33maria-selected[39m=[32m"true"[39m
    [33mclass[39m=[32m"viewer-tab active"[39m
    [33mrole[39m=[32m"tab"[39m
    [33mtype[39m=[32m"button"[39m
  [36m/>[39m

  Name "Code":
  [36m<button[39m
    [33maria-selected[39m=[32m"false"[39m
    [33mclass[39m=[32m"viewer-tab "[39m
    [33mrole[39m=[32m"tab"[39m
    [33mtype[39m=[32m"button"[39m
  [36m/>[39m

  --------------------------------------------------
  toolbar:

  Name "Preview tools":
  [36m<div[39m
    [33maria-label[39m=[32m"Preview tools"[39m
    [33mclass[39m=[32m"viewer-tool-rail"[39m
    [33mrole[39m=[32m"toolbar"[39m
  [36m/>[39m

  --------------------------------------------------
  group:

  Name "Send to LLM":
  [36m<div[39m
    [33maria-label[39m=[32m"Send to LLM"[39m
    [33mclass[39m=[32m"viewer-tool-group viewer-tool-group-llm"[39m
    [33mrole[39m=[32m"group"[39m
  [36m/>[39m

  Name "Direct edit":
  [36m<div[39m
    [33maria-label[39m=[32m"Direct edit"[39m
    [33mclass[39m=[32m"viewer-tool-group viewer-tool-group-direct"[39m
    [33mrole[39m=[32m"group"[39m
  [36m/>[39m

  Name "Move element":
  [36m<div[39m
    [33maria-label[39m=[32m"Move element"[39m
    [33mclass[39m=[32m"_container_46ff88 _editing_46ff88"[39m
    [33mdata-readable-edit-primary-surface[39m=[32m"true"[39m
    [33mdata-readable-edit-selected-surface[39m=[32m"true"[39m
    [33mrole[39m=[32m"group"[39m
    [33mstyle[39m=[32m"left: 0px; top: 0px; width: 0px; height: 0px;"[39m
    [33mtabindex[39m=[32m"-1"[39m
  [36m/>[39m

  Name "Resize element":
  [36m<div[39m
    [33maria-label[39m=[32m"Resize element"[39m
    [33mclass[39m=[32m"_container_a82496"[39m
    [33mdata-readable-edit-selected-surface[39m=[32m"true"[39m
    [33mrole[39m=[32m"group"[39m
    [33mstyle[39m=[32m"left: 0px; top: 0px; width: 0px; height: 0px;"[39m
    [33mtabindex[39m=[32m"-1"[39m
  [36m/>[39m

  --------------------------------------------------
  combobox:

  Name "Font":
  [36m<input[39m
    [33maria-autocomplete[39m=[32m"list"[39m
    [33maria-controls[39m=[32m":r24:"[39m
    [33maria-expanded[39m=[32m"false"[39m
    [33maria-label[39m=[32m"Font"[39m
    [33mclass[39m=[32m"_fontInput_599c84"[39m
    [33mdata-tooltip[39m=[32m"Font"[39m
    [33mrole[39m=[32m"combobox"[39m
    [33mvalue[39m=[32m""[39m
  [36m/>[39m

  Name "Weight":
  [36m<select[39m
    [33maria-label[39m=[32m"Weight"[39m
    [33mclass[39m=[32m"_select_599c84"[39m
    [33mdata-tooltip[39m=[32m"Weight"[39m
  [36m/>[39m

  --------------------------------------------------
  textbox:

  Name "Font size":
  [36m<input[39m
    [33maria-label[39m=[32m"Font size"[39m
    [33mclass[39m=[32m"_stepInput_599c84"[39m
    [33minputmode[39m=[32m"decimal"[39m
    [33mvalue[39m=[32m""[39m
  [36m/>[39m

  Name "Line height":
  [36m<input[39m
    [33maria-label[39m=[32m"Line height"[39m
    [33mclass[39m=[32m"_stepInput_599c84"[39m
    [33minputmode[39m=[32m"decimal"[39m
    [33mvalue[39m=[32m""[39m
  [36m/>[39m

  Name "Letter spacing":
  [36m<input[39m
    [33maria-label[39m=[32m"Letter spacing"[39m
    [33mclass[39m=[32m"_stepInput_599c84"[39m
    [33minputmode[39m=[32m"decimal"[39m
    [33mvalue[39m=[32m""[39m
  [36m/>[39m

  Name "Width":
  [36m<input[39m
    [33maria-label[39m=[32m"Width"[39m
    [33minputmode[39m=[32m"decimal"[39m
    [33mvalue[39m=[32m""[39m
  [36m/>[39m

  Name "Height":
  [36m<input[39m
    [33maria-label[39m=[32m"Height"[39m
    [33minputmode[39m=[32m"decimal"[39m
    [33mvalue[39m=[32m""[39m
  [36m/>[39m

  Name "Radius":
  [36m<input[39m
    [33maria-label[39m=[32m"Radius"[39m
    [33minputmode[39m=[32m"decimal"[39m
    [33mvalue[39m=[32m""[39m
  [36m/>[39m

  Name "Opacity":
  [36m<input[39m
    [33maria-label[39m=[32m"Opacity"[39m
    [33minputmode[39m=[32m"decimal"[39m
    [33mvalue[39m=[32m""[39m
  [36m/>[39m

  --------------------------------------------------
  option:

  Name "–":
  [36m<option[39m
    [33mvalue[39m=[32m""[39m
  [36m/>[39m

  Name "100":
  [36m<option[39m
    [33mvalue[39m=[32m"100"[39m
  [36m/>[39m

  Name "200":
  [36m<option[39m
    [33mvalue[39m=[32m"200"[39m
  [36m/>[39m

  Name "300":
  [36m<option[39m
    [33mvalue[39m=[32m"300"[39m
  [36m/>[39m

  Name "400":
  [36m<option[39m
    [33mvalue[39m=[32m"400"[39m
  [36m/>[39m

  Name "500":
  [36m<option[39m
    [33mvalue[39m=[32m"500"[39m
  [36m/>[39m

  Name "600":
  [36m<option[39m
    [33mvalue[39m=[32m"600"[39m
  [36m/>[39m

  Name "700":
  [36m<option[39m
    [33mvalue[39m=[32m"700"[39m
  [36m/>[39m

  Name "800":
  [36m<option[39m
    [33mvalue[39m=[32m"800"[39m
  [36m/>[39m

  Name "900":
  [36m<option[39m
    [33mvalue[39m=[32m"900"[39m
  [36m/>[39m

  --------------------------------------------------
  emphasis:

  Name "":
  [36m<em />[39m

  Name "":
  [36m<em />[39m

  Name "":
  [36m<em />[39m

  --------------------------------------------------

Ignored nodes: comments, script, style
[36m<body>[39m
  [36m<div>[39m
    [36m<div[39m
      [33mclass[39m=[32m"viewer html-viewer"[39m
    [36m>[39m
      [36m<div[39m
        [33mclass[39m=[32m"viewer-toolbar"[39m
      [36m>[39m
        [36m<div[39m
          [33mclass[39m=[32m"viewer-toolbar-left"[39m
        [36m>[39m
          [36m<button[39m
            [33maria-label[39m=[32m"Reload Preview"[39m
            [33mclass[39m=[32m"icon-only readable-tooltip"[39m
            [33mdata-tooltip[39m=[32m"Reload Preview"[39m
            [33mdata-tooltip-placement[39m=[32m"bottom"[39m
            [33mtitle[39m=[32m"Reload Preview"[39m
            [33mtype[39m=[32m"button"[39m
          [36m>[39m
            [36m<svg[39m
              [33maria-hidden[39m=[32m"true"[39m
              [33mfill[39m=[32m"none"[39m
              [33mfocusable[39m=[32m"false"[39m
              [33mheight[39m=[32m"14"[39m
              [33mstroke[39m=[32m"currentColor"[39m
              [33mstroke-linecap[39m=[32m"round"[39m
              [33mstroke-linejoin[39m=[32m"round"[39m
              [33mstroke-width[39m=[32m"1.6"[39m
              [33mviewBox[39m=[32m"0 0 24 24"[39m
              [33mwidth[39m=[32m"14"[39m
            [36m>[39m
              [36m<path[39m
                [33md[39m=[32m"M21 12a9 9 0 1 1-3-6.7"[39m
              [36m/>[39m
              [36m<path[39m
                [33md[39m=[32m"M21 4v5h-5"[39m
              [36m/>[39m
            [36m</svg>[39m
          [36m</button>[39m
          [36m<div[39m
            [33maria-label[39m=[32m"View mode"[39m
            [33mclass[39m=[32m"viewer-tabs"[39m
            [33mrole[39m=[32m"tablist"[39m
          [36m>[39m
            [36m<button[39m
              [33maria-selected[39m=[32m"true"[39m
              [33mclass[39m=[32m"viewer-tab active"[39m
              [33mrole[39m=[32m"tab"[39m
              [33mtype[39m=[32m"button"[39m
            [36m>[39m
              [0mPreview[0m
            [36m</button>[39m
            [36m<button[39m
              [33maria-selected[39m=[32m"false"[39m
              [33mclass[39m=[32m"viewer-tab "[39m
              [33mrole[39m=[32m"tab"[39m
              [33mtype[39m=[32m"button"[39m
            [36m>[39m
              [0mCode[0m
            [36m</button>[39m
          [36m</div>[39m
        [36m</div>[39m
        [36m<div[39m
          [33maria-label[39m=[32m"Preview tools"[39m
          [33mclass[39m=[32m"viewer-tool-rail"[39m
          [33mrole[39m=[32m"toolbar"[39m
        [36m>[39m
          [36m<div[39m
            [33maria-label[39m=[32m"Send to LLM"[39m
            [33mclass[39m=[32m"viewer-tool-group viewer-tool-group-llm"[39m
            [33mrole[39m=[32m"group"[39m
          [36m>[39m
            [36m<span[39m
              [33mclass[39m=[32m"viewer-tool-group-label"[39m
            [36m>[39m
              [0mSend to LLM[0m
            [36m</span>[39m
            [36m<div[39m
              [33mclass[39m=[32m"artifact-tool-menu-anchor"[39m
            [36m>[39m
              [36m<button[39m
                [33maria-label[39m=[32m"Comment on element"[39m
                [33maria-pressed[39m=[32m"false"[39m
                [33mclass[39m=[32m"viewer-action viewer-action-icon viewer-comment-toggle readable-tooltip"[39m
                [33mdata-testid[39m=[32m"board-mode-toggle"[39m
                [33mdata-tooltip[39m=[32m"Comment on element"[39m
                [33mdata-tooltip-placement[39m=[32m"bottom"[39m
                [33mtitle[39m=[32m"Comment on element"[39m
                [33mtype[39m=[32m"button"[39m
              [36m>[39m
                [36m<i[39m
                  [33maria-hidden[39m=[32m"true"[39m
                  [33mclass[39m=[32m"ri-chat-new-line"[39m
                  [33mstyle[39m=[32m"font-size: 15px; line-height: 1; width: 15px; height: 15px; display: inline-flex; align-items: center; justify-content: center;"[39m
                [36m/>[39m
              [36m</button>[39m
            [36m</div>[39m
            [36m<button[39m
              [33maria-label[39m=[32m"Select range"[39m
              [33maria-pressed[39m=[32m"false"[39m
              [33mclass[39m=[32m"viewer-action viewer-action-icon readable-tooltip"[39m
              [33mdata-testid[39m=[32m"draw-overlay-toggle"[39m
              [33mdata-tooltip[39m=[32m"Select range"[39m
              [33mdata-tooltip-placement[39m=[32m"bottom"[39m
              [33mtitle[39m=[32m"Select range"[39m
              [33mtype[39m=[32m"button"[39m
            [36m>[39m
              [36m<i[39m
                [33maria-hidden[39m=[32m"true"[39m
                [33mclass[39m=[32m"ri-mark-pen-line"[39m
                [33mstyle[39m=[32m"font-size: 15px; line-height: 1; width: 15px; height: 15px; display: inline-flex; align-items: center; justify-content: center;"[39m
              [36m/>[39m
            [36m</button>[39m
          [36m</div>[39m
          [36m<span[39m
            [33maria-hidden[39m=[32m"true"[39m
            [33mclass[39m=[32m"viewer-tool-divider"[39m
          [36m/>[39m
          [36m<div[39m
            [33maria-label[39m=[32m"Direct edit"[39m
            [33mclass[39m=[32m"viewer-tool-group viewer-tool-group-direct"[39m
            [33mrole[39m=[32m"group"[39m
          [36m>[39m
            [36m<button[39m
              [33maria-label[39m=[32m"Edit"[39m
              [33maria-pressed[39m=[32m"true"[39m
              [33mclass[39m=[32m"viewer-action viewer-direct-edit readable-tooltip active"[39m
              [33mdata-testid[39m=[32m"manual-edit-mode-toggle"[39m
              [33mdata-tooltip[39m=[32m"Edit"[39m
              [33mdata-tooltip-placement[39m=[32m"bottom"[39m
              [33mtitle[39m=[32m"Edit"[39m
              [33mtype[39m=[32m"button"[39m
            [36m>[39m
              [36m<i[39m
                [33maria-hidden[39m=[32m"true"[39m
                [33mclass[39m=[32m"ri-edit-line"[39m
                [33mstyle[39m=[32m"font-size: 15px; line-height: 1; width: 15px; height: 15px; display: inline-flex; align-items: center; justify-content: center;"[39m
              [36m/>[39m
              [36m<span[39m
                [33mclass[39m=[32m"viewer-direct-edit-label"[39m
              [36m>[39m
                [0mDirect edit[0m
              [36m</span>[39m
            [36m</button>[39m
          [36m</div>[39m
        [36m</div>[39m
        [36m<div[39m
          [33mclass[39m=[32m"viewer-toolbar-utilities"[39m
        [36m>[39m
          [36m<button[39m
            [33maria-label[39m=[32m"Comments (0)"[39m
            [33maria-pressed[39m=[32m"false"[39m
         ...
 ❯ Object.getElementError ../../node_modules/.pnpm/@testing-library+dom@10.4.1/node_modules/@testing-library/dom/dist/config.js:37:19
 ❯ ../../node_modules/.pnpm/@testing-library+dom@10.4.1/node_modules/@testing-library/dom/dist/query-helpers.js:76:38
 ❯ ../../node_modules/.pnpm/@testing-library+dom@10.4.1/node_modules/@testing-library/dom/dist/query-helpers.js:52:17
 ❯ ../../node_modules/.pnpm/@testing-library+dom@10.4.1/node_modules/@testing-library/dom/dist/query-helpers.js:95:19
 ❯ tests/components/FileViewer.manual-edit-save-flush.test.tsx:224:52
    222|     else el.dispatchEvent(new harness.dom.window.KeyboardEvent('keydow…
    223|     expect(el.hasAttribute('contenteditable')).toBe(false);
    224|     await act(async () => { fireEvent.click(screen.getByRole('button',…
       |                                                    ^
    225|     expect(harness.writes).toHaveLength(0);
    226|     await harness.drain();
 ❯ ../../node_modules/.pnpm/@testing-library+react@16.3_8105afb30b3aed617b9ca863f1e5e96d/node_modules/@testing-library/react/dist/act-compat.js:47:24
 ❯ act ../../node_modules/.pnpm/react@18.3.1/node_modules/react/cjs/react.development.js:2512:16
 ❯ ../../node_modules/.pnpm/@testing-library+react@16.3_8105afb30b3aed617b9ca863f1e5e96d/node_modules/@testing-library/react/dist/act-compat.js:46:25
 ❯ tests/components/FileViewer.manual-edit-save-flush.test.tsx:224:11

⎯⎯⎯⎯⎯⎯⎯⎯⎯⎯⎯⎯⎯⎯⎯⎯⎯⎯⎯⎯⎯⎯[20/66]⎯

 FAIL  tests/components/FileViewer.manual-edit-save-flush.test.tsx > Save flushes the real contenteditable bridge with low host profile > flushes a still-live session even when its element is no longer focused
TestingLibraryElementError: Unable to find an accessible element with the role "button" and name "Save changes"

Here are the accessible roles:

  button:

  Name "Reload Preview":
  [36m<button[39m
    [33maria-label[39m=[32m"Reload Preview"[39m
    [33mclass[39m=[32m"icon-only readable-tooltip"[39m
    [33mdata-tooltip[39m=[32m"Reload Preview"[39m
    [33mdata-tooltip-placement[39m=[32m"bottom"[39m
    [33mtitle[39m=[32m"Reload Preview"[39m
    [33mtype[39m=[32m"button"[39m
  [36m/>[39m

  Name "Comment on element":
  [36m<button[39m
    [33maria-label[39m=[32m"Comment on element"[39m
    [33maria-pressed[39m=[32m"false"[39m
    [33mclass[39m=[32m"viewer-action viewer-action-icon viewer-comment-toggle readable-tooltip"[39m
    [33mdata-testid[39m=[32m"board-mode-toggle"[39m
    [33mdata-tooltip[39m=[32m"Comment on element"[39m
    [33mdata-tooltip-placement[39m=[32m"bottom"[39m
    [33mtitle[39m=[32m"Comment on element"[39m
    [33mtype[39m=[32m"button"[39m
  [36m/>[39m

  Name "Select range":
  [36m<button[39m
    [33maria-label[39m=[32m"Select range"[39m
    [33maria-pressed[39m=[32m"false"[39m
    [33mclass[39m=[32m"viewer-action viewer-action-icon readable-tooltip"[39m
    [33mdata-testid[39m=[32m"draw-overlay-toggle"[39m
    [33mdata-tooltip[39m=[32m"Select range"[39m
    [33mdata-tooltip-placement[39m=[32m"bottom"[39m
    [33mtitle[39m=[32m"Select range"[39m
    [33mtype[39m=[32m"button"[39m
  [36m/>[39m

  Name "Edit":
  [36m<button[39m
    [33maria-label[39m=[32m"Edit"[39m
    [33maria-pressed[39m=[32m"true"[39m
    [33mclass[39m=[32m"viewer-action viewer-direct-edit readable-tooltip active"[39m
    [33mdata-testid[39m=[32m"manual-edit-mode-toggle"[39m
    [33mdata-tooltip[39m=[32m"Edit"[39m
    [33mdata-tooltip-placement[39m=[32m"bottom"[39m
    [33mtitle[39m=[32m"Edit"[39m
    [33mtype[39m=[32m"button"[39m
  [36m/>[39m

  Name "Comments (0)":
  [36m<button[39m
    [33maria-label[39m=[32m"Comments (0)"[39m
    [33maria-pressed[39m=[32m"false"[39m
    [33mclass[39m=[32m"viewer-action viewer-comment-count-trigger viewer-comment-toggle readable-tooltip"[39m
    [33mdata-testid[39m=[32m"comment-panel-toggle"[39m
    [33mdata-tooltip[39m=[32m"Comments"[39m
    [33mdata-tooltip-placement[39m=[32m"bottom"[39m
    [33mtitle[39m=[32m"Comments"[39m
    [33mtype[39m=[32m"button"[39m
  [36m/>[39m

  Name "100%":
  [36m<button[39m
    [33maria-expanded[39m=[32m"false"[39m
    [33maria-haspopup[39m=[32m"menu"[39m
    [33mclass[39m=[32m"viewer-action zoom-trigger readable-tooltip"[39m
    [33mdata-tooltip[39m=[32m"Reset zoom"[39m
    [33mdata-tooltip-placement[39m=[32m"bottom"[39m
    [33mtitle[39m=[32m"Reset zoom"[39m
    [33mtype[39m=[32m"button"[39m
  [36m/>[39m

  Name "Font size decrease":
  [36m<button[39m
    [33maria-label[39m=[32m"Font size decrease"[39m
    [33mclass[39m=[32m"_step_599c84 readable-tooltip"[39m
    [33mdata-tooltip[39m=[32m"Font size decrease"[39m
    [33mdisabled[39m=[32m""[39m
    [33mtype[39m=[32m"button"[39m
  [36m/>[39m

  Name "Font size increase":
  [36m<button[39m
    [33maria-label[39m=[32m"Font size increase"[39m
    [33mclass[39m=[32m"_step_599c84 readable-tooltip"[39m
    [33mdata-tooltip[39m=[32m"Font size increase"[39m
    [33mdisabled[39m=[32m""[39m
    [33mtype[39m=[32m"button"[39m
  [36m/>[39m

  Name "Bold":
  [36m<button[39m
    [33maria-label[39m=[32m"Bold"[39m
    [33maria-pressed[39m=[32m"false"[39m
    [33mclass[39m=[32m"_button_ee6a60 _subtle_ee6a60 subtle _icon_ee6a60 icon-btn readable-tooltip"[39m
    [33mdata-tooltip[39m=[32m"Bold"[39m
    [33mdisabled[39m=[32m""[39m
    [33mtype[39m=[32m"button"[39m
  [36m/>[39m

  Name "Italic":
  [36m<button[39m
    [33maria-label[39m=[32m"Italic"[39m
    [33maria-pressed[39m=[32m"false"[39m
    [33mclass[39m=[32m"_button_ee6a60 _subtle_ee6a60 subtle _icon_ee6a60 icon-btn readable-tooltip"[39m
    [33mdata-tooltip[39m=[32m"Italic"[39m
    [33mdisabled[39m=[32m""[39m
    [33mtype[39m=[32m"button"[39m
  [36m/>[39m

  Name "Underline":
  [36m<button[39m
    [33maria-label[39m=[32m"Underline"[39m
    [33maria-pressed[39m=[32m"false"[39m
    [33mclass[39m=[32m"_button_ee6a60 _subtle_ee6a60 subtle _icon_ee6a60 icon-btn readable-tooltip"[39m
    [33mdata-tooltip[39m=[32m"Underline"[39m
    [33mdisabled[39m=[32m""[39m
    [33mtype[39m=[32m"button"[39m
  [36m/>[39m

  Name "Text color":
  [36m<button[39m
    [33maria-expanded[39m=[32m"false"[39m
    [33maria-label[39m=[32m"Text color"[39m
    [33mclass[39m=[32m"_swatch_599c84 readable-tooltip"[39m
    [33mdata-tooltip[39m=[32m"Text color"[39m
    [33mstyle[39m=[32m"--swatch-color: transparent;"[39m
    [33mtype[39m=[32m"button"[39m
  [36m/>[39m

  Name "Align left":
  [36m<button[39m
    [33maria-label[39m=[32m"Align left"[39m
    [33maria-pressed[39m=[32m"false"[39m
    [33mclass[39m=[32m"_button_ee6a60 _subtle_ee6a60 subtle _icon_ee6a60 icon-btn readable-tooltip"[39m
    [33mdata-tooltip[39m=[32m"Align left"[39m
    [33mtype[39m=[32m"button"[39m
  [36m/>[39m

  Name "Align center":
  [36m<button[39m
    [33maria-label[39m=[32m"Align center"[39m
    [33maria-pressed[39m=[32m"false"[39m
    [33mclass[39m=[32m"_button_ee6a60 _subtle_ee6a60 subtle _icon_ee6a60 icon-btn readable-tooltip"[39m
    [33mdata-tooltip[39m=[32m"Align center"[39m
    [33mtype[39m=[32m"button"[39m
  [36m/>[39m

  Name "Align right":
  [36m<button[39m
    [33maria-label[39m=[32m"Align right"[39m
    [33maria-pressed[39m=[32m"false"[39m
    [33mclass[39m=[32m"_button_ee6a60 _subtle_ee6a60 subtle _icon_ee6a60 icon-btn readable-tooltip"[39m
    [33mdata-tooltip[39m=[32m"Align right"[39m
    [33mtype[39m=[32m"button"[39m
  [36m/>[39m

  Name "Justify":
  [36m<button[39m
    [33maria-label[39m=[32m"Justify"[39m
    [33maria-pressed[39m=[32m"false"[39m
    [33mclass[39m=[32m"_button_ee6a60 _subtle_ee6a60 subtle _icon_ee6a60 icon-btn readable-tooltip"[39m
    [33mdata-tooltip[39m=[32m"Justify"[39m
    [33mtype[39m=[32m"button"[39m
  [36m/>[39m

  Name "Line height decrease":
  [36m<button[39m
    [33maria-label[39m=[32m"Line height decrease"[39m
    [33mclass[39m=[32m"_step_599c84 readable-tooltip"[39m
    [33mdata-tooltip[39m=[32m"Line height decrease"[39m
    [33mdisabled[39m=[32m""[39m
    [33mtype[39m=[32m"button"[39m
  [36m/>[39m

  Name "Line height increase":
  [36m<button[39m
    [33maria-label[39m=[32m"Line height increase"[39m
    [33mclass[39m=[32m"_step_599c84 readable-tooltip"[39m
    [33mdata-tooltip[39m=[32m"Line height increase"[39m
    [33mdisabled[39m=[32m""[39m
    [33mtype[39m=[32m"button"[39m
  [36m/>[39m

  Name "Letter spacing decrease":
  [36m<button[39m
    [33maria-label[39m=[32m"Letter spacing decrease"[39m
    [33mclass[39m=[32m"_step_599c84 readable-tooltip"[39m
    [33mdata-tooltip[39m=[32m"Letter spacing decrease"[39m
    [33mdisabled[39m=[32m""[39m
    [33mtype[39m=[32m"button"[39m
  [36m/>[39m

  Name "Letter spacing increase":
  [36m<button[39m
    [33maria-label[39m=[32m"Letter spacing increase"[39m
    [33mclass[39m=[32m"_step_599c84 readable-tooltip"[39m
    [33mdata-tooltip[39m=[32m"Letter spacing increase"[39m
    [33mdisabled[39m=[32m""[39m
    [33mtype[39m=[32m"button"[39m
  [36m/>[39m

  Name "Undo":
  [36m<button[39m
    [33maria-label[39m=[32m"Undo"[39m
    [33mclass[39m=[32m"_button_ee6a60 _subtle_ee6a60 subtle _icon_ee6a60 icon-btn"[39m
    [33mdisabled[39m=[32m""[39m
    [33mtitle[39m=[32m"Undo"[39m
    [33mtype[39m=[32m"button"[39m
  [36m/>[39m

  Name "Redo":
  [36m<button[39m
    [33maria-label[39m=[32m"Redo"[39m
    [33mclass[39m=[32m"_button_ee6a60 _subtle_ee6a60 subtle _icon_ee6a60 icon-btn"[39m
    [33mdisabled[39m=[32m""[39m
    [33mtitle[39m=[32m"Redo"[39m
    [33mtype[39m=[32m"button"[39m
  [36m/>[39m

  Name "Fill":
  [36m<button[39m
    [33maria-expanded[39m=[32m"false"[39m
    [33maria-label[39m=[32m"Fill"[39m
    [33mclass[39m=[32m"_swatch_75e98d readable-tooltip"[39m
    [33mdata-tooltip[39m=[32m"Fill"[39m
    [33mstyle[39m=[32m"--swatch-color: transparent;"[39m
    [33mtitle[39m=[32m"Fill"[39m
    [33mtype[39m=[32m"button"[39m
  [36m/>[39m

  Name "Spacing":
  [36m<button[39m
    [33maria-expanded[39m=[32m"false"[39m
    [33maria-label[39m=[32m"Spacing"[39m
    [33mclass[39m=[32m"_button_ee6a60 _subtle_ee6a60 subtle _popoverButton_75e98d readable-tooltip"[39m
    [33mdata-tooltip[39m=[32m"Spacing"[39m
    [33mtype[39m=[32m"button"[39m
  [36m/>[39m

  Name "Border":
  [36m<button[39m
    [33maria-expanded[39m=[32m"false"[39m
    [33maria-label[39m=[32m"Border"[39m
    [33mclass[39m=[32m"_button_ee6a60 _subtle_ee6a60 subtle _popoverButton_75e98d readable-tooltip"[39m
    [33mdata-tooltip[39m=[32m"Border"[39m
    [33mtype[39m=[32m"button"[39m
  [36m/>[39m

  Name "More":
  [36m<button[39m
    [33maria-expanded[39m=[32m"false"[39m
    [33maria-label[39m=[32m"More"[39m
    [33mclass[39m=[32m"_button_ee6a60 _subtle_ee6a60 subtle _popoverButton_75e98d readable-tooltip"[39m
    [33mdata-tooltip[39m=[32m"More"[39m
    [33mtype[39m=[32m"button"[39m
  [36m/>[39m

  Name "Present":
  [36m<button[39m
    [33maria-expanded[39m=[32m"false"[39m
    [33maria-haspopup[39m=[32m"menu"[39m
    [33maria-label[39m=[32m"Present"[39m
    [33mclass[39m=[32m"chrome-action chrome-action-secondary chrome-action-icon present-trigger readable-tooltip"[39m
    [33mdata-tooltip[39m=[32m"Present"[39m
    [33mdata-tooltip-placement[39m=[32m"bottom"[39m
    [33mtitle[39m=[32m"Present"[39m
  [36m/>[39m

  Name "Share":
  [36m<button[39m
    [33maria-expanded[39m=[32m"false"[39m
    [33maria-haspopup[39m=[32m"menu"[39m
    [33maria-label[39m=[32m"Share"[39m
    [33mclass[39m=[32m"chrome-action chrome-action-secondary chrome-action-with-label chrome-action-text-only"[39m
    [33mtype[39m=[32m"button"[39m
  [36m/>[39m

  Name "Download":
  [36m<button[39m
    [33maria-expanded[39m=[32m"false"[39m
    [33maria-haspopup[39m=[32m"menu"[39m
    [33mclass[39m=[32m"chrome-action chrome-action-primary chrome-action-export"[39m
    [33mtype[39m=[32m"button"[39m
  [36m/>[39m

  Name "Resize top-left corner":
  [36m<button[39m
    [33maria-label[39m=[32m"Resize top-left corner"[39m
    [33mclass[39m=[32m"_handle_a82496 _handle-nw_a82496 "[39m
    [33mdata-direction[39m=[32m"nw"[39m
    [33mstyle[39m=[32m"left: 0px; top: 0px;"[39m
    [33mtabindex[39m=[32m"-1"[39m
    [33mtype[39m=[32m"button"[39m
  [36m/>[39m

  Name "Resize top edge":
  [36m<button[39m
    [33maria-label[39m=[32m"Resize top edge"[39m
    [33mclass[39m=[32m"_handle_a82496 _handle-n_a82496 "[39m
    [33mdata-direction[39m=[32m"n"[39m
    [33mstyle[39m=[32m"left: 10px; top: 0px;"[39m
    [33mtabindex[39m=[32m"-1"[39m
    [33mtype[39m=[32m"button"[39m
  [36m/>[39m

  Name "Resize top-right corner":
  [36m<button[39m
    [33maria-label[39m=[32m"Resize top-right corner"[39m
    [33mclass[39m=[32m"_handle_a82496 _handle-ne_a82496 "[39m
    [33mdata-direction[39m=[32m"ne"[39m
    [33mstyle[39m=[32m"left: 20px; top: 0px;"[39m
    [33mtabindex[39m=[32m"-1"[39m
    [33mtype[39m=[32m"button"[39m
  [36m/>[39m

  Name "Resize right edge":
  [36m<button[39m
    [33maria-label[39m=[32m"Resize right edge"[39m
    [33mclass[39m=[32m"_handle_a82496 _handle-e_a82496 "[39m
    [33mdata-direction[39m=[32m"e"[39m
    [33mstyle[39m=[32m"left: 20px; top: 10px;"[39m
    [33mtabindex[39m=[32m"-1"[39m
    [33mtype[39m=[32m"button"[39m
  [36m/>[39m

  Name "Resize bottom-right corner":
  [36m<button[39m
    [33maria-label[39m=[32m"Resize bottom-right corner"[39m
    [33mclass[39m=[32m"_handle_a82496 _handle-se_a82496 "[39m
    [33mdata-direction[39m=[32m"se"[39m
    [33mstyle[39m=[32m"left: 20px; top: 20px;"[39m
    [33mtabindex[39m=[32m"-1"[39m
    [33mtype[39m=[32m"button"[39m
  [36m/>[39m

  Name "Resize bottom edge":
  [36m<button[39m
    [33maria-label[39m=[32m"Resize bottom edge"[39m
    [33mclass[39m=[32m"_handle_a82496 _handle-s_a82496 "[39m
    [33mdata-direction[39m=[32m"s"[39m
    [33mstyle[39m=[32m"left: 10px; top: 20px;"[39m
    [33mtabindex[39m=[32m"-1"[39m
    [33mtype[39m=[32m"button"[39m
  [36m/>[39m

  Name "Resize bottom-left corner":
  [36m<button[39m
    [33maria-label[39m=[32m"Resize bottom-left corner"[39m
    [33mclass[39m=[32m"_handle_a82496 _handle-sw_a82496 "[39m
    [33mdata-direction[39m=[32m"sw"[39m
    [33mstyle[39m=[32m"left: 0px; top: 20px;"[39m
    [33mtabindex[39m=[32m"-1"[39m
    [33mtype[39m=[32m"button"[39m
  [36m/>[39m

  Name "Resize left edge":
  [36m<button[39m
    [33maria-label[39m=[32m"Resize left edge"[39m
    [33mclass[39m=[32m"_handle_a82496 _handle-w_a82496 "[39m
    [33mdata-direction[39m=[32m"w"[39m
    [33mstyle[39m=[32m"left: 0px; top: 10px;"[39m
    [33mtabindex[39m=[32m"-1"[39m
    [33mtype[39m=[32m"button"[39m
  [36m/>[39m

  --------------------------------------------------
  tablist:

  Name "View mode":
  [36m<div[39m
    [33maria-label[39m=[32m"View mode"[39m
    [33mclass[39m=[32m"viewer-tabs"[39m
    [33mrole[39m=[32m"tablist"[39m
  [36m/>[39m

  --------------------------------------------------
  tab:

  Name "Preview":
  [36m<button[39m
    [33maria-selected[39m=[32m"true"[39m
    [33mclass[39m=[32m"viewer-tab active"[39m
    [33mrole[39m=[32m"tab"[39m
    [33mtype[39m=[32m"button"[39m
  [36m/>[39m

  Name "Code":
  [36m<button[39m
    [33maria-selected[39m=[32m"false"[39m
    [33mclass[39m=[32m"viewer-tab "[39m
    [33mrole[39m=[32m"tab"[39m
    [33mtype[39m=[32m"button"[39m
  [36m/>[39m

  --------------------------------------------------
  toolbar:

  Name "Preview tools":
  [36m<div[39m
    [33maria-label[39m=[32m"Preview tools"[39m
    [33mclass[39m=[32m"viewer-tool-rail"[39m
    [33mrole[39m=[32m"toolbar"[39m
  [36m/>[39m

  --------------------------------------------------
  group:

  Name "Send to LLM":
  [36m<div[39m
    [33maria-label[39m=[32m"Send to LLM"[39m
    [33mclass[39m=[32m"viewer-tool-group viewer-tool-group-llm"[39m
    [33mrole[39m=[32m"group"[39m
  [36m/>[39m

  Name "Direct edit":
  [36m<div[39m
    [33maria-label[39m=[32m"Direct edit"[39m
    [33mclass[39m=[32m"viewer-tool-group viewer-tool-group-direct"[39m
    [33mrole[39m=[32m"group"[39m
  [36m/>[39m

  Name "Move element":
  [36m<div[39m
    [33maria-label[39m=[32m"Move element"[39m
    [33mclass[39m=[32m"_container_46ff88 _editing_46ff88"[39m
    [33mdata-readable-edit-primary-surface[39m=[32m"true"[39m
    [33mdata-readable-edit-selected-surface[39m=[32m"true"[39m
    [33mrole[39m=[32m"group"[39m
    [33mstyle[39m=[32m"left: 0px; top: 0px; width: 0px; height: 0px;"[39m
    [33mtabindex[39m=[32m"-1"[39m
  [36m/>[39m

  Name "Resize element":
  [36m<div[39m
    [33maria-label[39m=[32m"Resize element"[39m
    [33mclass[39m=[32m"_container_a82496"[39m
    [33mdata-readable-edit-selected-surface[39m=[32m"true"[39m
    [33mrole[39m=[32m"group"[39m
    [33mstyle[39m=[32m"left: 0px; top: 0px; width: 0px; height: 0px;"[39m
    [33mtabindex[39m=[32m"-1"[39m
  [36m/>[39m

  --------------------------------------------------
  combobox:

  Name "Font":
  [36m<input[39m
    [33maria-autocomplete[39m=[32m"list"[39m
    [33maria-controls[39m=[32m":r3p:"[39m
    [33maria-expanded[39m=[32m"false"[39m
    [33maria-label[39m=[32m"Font"[39m
    [33mclass[39m=[32m"_fontInput_599c84"[39m
    [33mdata-tooltip[39m=[32m"Font"[39m
    [33mrole[39m=[32m"combobox"[39m
    [33mvalue[39m=[32m""[39m
  [36m/>[39m

  Name "Weight":
  [36m<select[39m
    [33maria-label[39m=[32m"Weight"[39m
    [33mclass[39m=[32m"_select_599c84"[39m
    [33mdata-tooltip[39m=[32m"Weight"[39m
  [36m/>[39m

  --------------------------------------------------
  textbox:

  Name "Font size":
  [36m<input[39m
    [33maria-label[39m=[32m"Font size"[39m
    [33mclass[39m=[32m"_stepInput_599c84"[39m
    [33minputmode[39m=[32m"decimal"[39m
    [33mvalue[39m=[32m""[39m
  [36m/>[39m

  Name "Line height":
  [36m<input[39m
    [33maria-label[39m=[32m"Line height"[39m
    [33mclass[39m=[32m"_stepInput_599c84"[39m
    [33minputmode[39m=[32m"decimal"[39m
    [33mvalue[39m=[32m""[39m
  [36m/>[39m

  Name "Letter spacing":
  [36m<input[39m
    [33maria-label[39m=[32m"Letter spacing"[39m
    [33mclass[39m=[32m"_stepInput_599c84"[39m
    [33minputmode[39m=[32m"decimal"[39m
    [33mvalue[39m=[32m""[39m
  [36m/>[39m

  Name "Width":
  [36m<input[39m
    [33maria-label[39m=[32m"Width"[39m
    [33minputmode[39m=[32m"decimal"[39m
    [33mvalue[39m=[32m""[39m
  [36m/>[39m

  Name "Height":
  [36m<input[39m
    [33maria-label[39m=[32m"Height"[39m
    [33minputmode[39m=[32m"decimal"[39m
    [33mvalue[39m=[32m""[39m
  [36m/>[39m

  Name "Radius":
  [36m<input[39m
    [33maria-label[39m=[32m"Radius"[39m
    [33minputmode[39m=[32m"decimal"[39m
    [33mvalue[39m=[32m""[39m
  [36m/>[39m

  Name "Opacity":
  [36m<input[39m
    [33maria-label[39m=[32m"Opacity"[39m
    [33minputmode[39m=[32m"decimal"[39m
    [33mvalue[39m=[32m""[39m
  [36m/>[39m

  --------------------------------------------------
  option:

  Name "–":
  [36m<option[39m
    [33mvalue[39m=[32m""[39m
  [36m/>[39m

  Name "100":
  [36m<option[39m
    [33mvalue[39m=[32m"100"[39m
  [36m/>[39m

  Name "200":
  [36m<option[39m
    [33mvalue[39m=[32m"200"[39m
  [36m/>[39m

  Name "300":
  [36m<option[39m
    [33mvalue[39m=[32m"300"[39m
  [36m/>[39m

  Name "400":
  [36m<option[39m
    [33mvalue[39m=[32m"400"[39m
  [36m/>[39m

  Name "500":
  [36m<option[39m
    [33mvalue[39m=[32m"500"[39m
  [36m/>[39m

  Name "600":
  [36m<option[39m
    [33mvalue[39m=[32m"600"[39m
  [36m/>[39m

  Name "700":
  [36m<option[39m
    [33mvalue[39m=[32m"700"[39m
  [36m/>[39m

  Name "800":
  [36m<option[39m
    [33mvalue[39m=[32m"800"[39m
  [36m/>[39m

  Name "900":
  [36m<option[39m
    [33mvalue[39m=[32m"900"[39m
  [36m/>[39m

  --------------------------------------------------
  emphasis:

  Name "":
  [36m<em />[39m

  Name "":
  [36m<em />[39m

  Name "":
  [36m<em />[39m

  --------------------------------------------------

Ignored nodes: comments, script, style
[36m<body>[39m
  [36m<div>[39m
    [36m<div[39m
      [33mclass[39m=[32m"viewer html-viewer"[39m
    [36m>[39m
      [36m<div[39m
        [33mclass[39m=[32m"viewer-toolbar"[39m
      [36m>[39m
        [36m<div[39m
          [33mclass[39m=[32m"viewer-toolbar-left"[39m
        [36m>[39m
          [36m<button[39m
            [33maria-label[39m=[32m"Reload Preview"[39m
            [33mclass[39m=[32m"icon-only readable-tooltip"[39m
            [33mdata-tooltip[39m=[32m"Reload Preview"[39m
            [33mdata-tooltip-placement[39m=[32m"bottom"[39m
            [33mtitle[39m=[32m"Reload Preview"[39m
            [33mtype[39m=[32m"button"[39m
          [36m>[39m
            [36m<svg[39m
              [33maria-hidden[39m=[32m"true"[39m
              [33mfill[39m=[32m"none"[39m
              [33mfocusable[39m=[32m"false"[39m
              [33mheight[39m=[32m"14"[39m
              [33mstroke[39m=[32m"currentColor"[39m
              [33mstroke-linecap[39m=[32m"round"[39m
              [33mstroke-linejoin[39m=[32m"round"[39m
              [33mstroke-width[39m=[32m"1.6"[39m
              [33mviewBox[39m=[32m"0 0 24 24"[39m
              [33mwidth[39m=[32m"14"[39m
            [36m>[39m
              [36m<path[39m
                [33md[39m=[32m"M21 12a9 9 0 1 1-3-6.7"[39m
              [36m/>[39m
              [36m<path[39m
                [33md[39m=[32m"M21 4v5h-5"[39m
              [36m/>[39m
            [36m</svg>[39m
          [36m</button>[39m
          [36m<div[39m
            [33maria-label[39m=[32m"View mode"[39m
            [33mclass[39m=[32m"viewer-tabs"[39m
            [33mrole[39m=[32m"tablist"[39m
          [36m>[39m
            [36m<button[39m
              [33maria-selected[39m=[32m"true"[39m
              [33mclass[39m=[32m"viewer-tab active"[39m
              [33mrole[39m=[32m"tab"[39m
              [33mtype[39m=[32m"button"[39m
            [36m>[39m
              [0mPreview[0m
            [36m</button>[39m
            [36m<button[39m
              [33maria-selected[39m=[32m"false"[39m
              [33mclass[39m=[32m"viewer-tab "[39m
              [33mrole[39m=[32m"tab"[39m
              [33mtype[39m=[32m"button"[39m
            [36m>[39m
              [0mCode[0m
            [36m</button>[39m
          [36m</div>[39m
        [36m</div>[39m
        [36m<div[39m
          [33maria-label[39m=[32m"Preview tools"[39m
          [33mclass[39m=[32m"viewer-tool-rail"[39m
          [33mrole[39m=[32m"toolbar"[39m
        [36m>[39m
          [36m<div[39m
            [33maria-label[39m=[32m"Send to LLM"[39m
            [33mclass[39m=[32m"viewer-tool-group viewer-tool-group-llm"[39m
            [33mrole[39m=[32m"group"[39m
          [36m>[39m
            [36m<span[39m
              [33mclass[39m=[32m"viewer-tool-group-label"[39m
            [36m>[39m
              [0mSend to LLM[0m
            [36m</span>[39m
            [36m<div[39m
              [33mclass[39m=[32m"artifact-tool-menu-anchor"[39m
            [36m>[39m
              [36m<button[39m
                [33maria-label[39m=[32m"Comment on element"[39m
                [33maria-pressed[39m=[32m"false"[39m
                [33mclass[39m=[32m"viewer-action viewer-action-icon viewer-comment-toggle readable-tooltip"[39m
                [33mdata-testid[39m=[32m"board-mode-toggle"[39m
                [33mdata-tooltip[39m=[32m"Comment on element"[39m
                [33mdata-tooltip-placement[39m=[32m"bottom"[39m
                [33mtitle[39m=[32m"Comment on element"[39m
                [33mtype[39m=[32m"button"[39m
              [36m>[39m
                [36m<i[39m
                  [33maria-hidden[39m=[32m"true"[39m
                  [33mclass[39m=[32m"ri-chat-new-line"[39m
                  [33mstyle[39m=[32m"font-size: 15px; line-height: 1; width: 15px; height: 15px; display: inline-flex; align-items: center; justify-content: center;"[39m
                [36m/>[39m
              [36m</button>[39m
            [36m</div>[39m
            [36m<button[39m
              [33maria-label[39m=[32m"Select range"[39m
              [33maria-pressed[39m=[32m"false"[39m
              [33mclass[39m=[32m"viewer-action viewer-action-icon readable-tooltip"[39m
              [33mdata-testid[39m=[32m"draw-overlay-toggle"[39m
              [33mdata-tooltip[39m=[32m"Select range"[39m
              [33mdata-tooltip-placement[39m=[32m"bottom"[39m
              [33mtitle[39m=[32m"Select range"[39m
              [33mtype[39m=[32m"button"[39m
            [36m>[39m
              [36m<i[39m
                [33maria-hidden[39m=[32m"true"[39m
                [33mclass[39m=[32m"ri-mark-pen-line"[39m
                [33mstyle[39m=[32m"font-size: 15px; line-height: 1; width: 15px; height: 15px; display: inline-flex; align-items: center; justify-content: center;"[39m
              [36m/>[39m
            [36m</button>[39m
          [36m</div>[39m
          [36m<span[39m
            [33maria-hidden[39m=[32m"true"[39m
            [33mclass[39m=[32m"viewer-tool-divider"[39m
          [36m/>[39m
          [36m<div[39m
            [33maria-label[39m=[32m"Direct edit"[39m
            [33mclass[39m=[32m"viewer-tool-group viewer-tool-group-direct"[39m
            [33mrole[39m=[32m"group"[39m
          [36m>[39m
            [36m<button[39m
              [33maria-label[39m=[32m"Edit"[39m
              [33maria-pressed[39m=[32m"true"[39m
              [33mclass[39m=[32m"viewer-action viewer-direct-edit readable-tooltip active"[39m
              [33mdata-testid[39m=[32m"manual-edit-mode-toggle"[39m
              [33mdata-tooltip[39m=[32m"Edit"[39m
              [33mdata-tooltip-placement[39m=[32m"bottom"[39m
              [33mtitle[39m=[32m"Edit"[39m
              [33mtype[39m=[32m"button"[39m
            [36m>[39m
              [36m<i[39m
                [33maria-hidden[39m=[32m"true"[39m
                [33mclass[39m=[32m"ri-edit-line"[39m
                [33mstyle[39m=[32m"font-size: 15px; line-height: 1; width: 15px; height: 15px; display: inline-flex; align-items: center; justify-content: center;"[39m
              [36m/>[39m
              [36m<span[39m
                [33mclass[39m=[32m"viewer-direct-edit-label"[39m
              [36m>[39m
                [0mDirect edit[0m
              [36m</span>[39m
            [36m</button>[39m
          [36m</div>[39m
        [36m</div>[39m
        [36m<div[39m
          [33mclass[39m=[32m"viewer-toolbar-utilities"[39m
        [36m>[39m
          [36m<button[39m
            [33maria-label[39m=[32m"Comments (0)"[39m
            [33maria-pressed[39m=[32m"false"[39m
         ...
 ❯ Object.getElementError ../../node_modules/.pnpm/@testing-library+dom@10.4.1/node_modules/@testing-library/dom/dist/config.js:37:19
 ❯ ../../node_modules/.pnpm/@testing-library+dom@10.4.1/node_modules/@testing-library/dom/dist/query-helpers.js:76:38
 ❯ ../../node_modules/.pnpm/@testing-library+dom@10.4.1/node_modules/@testing-library/dom/dist/query-helpers.js:52:17
 ❯ ../../node_modules/.pnpm/@testing-library+dom@10.4.1/node_modules/@testing-library/dom/dist/query-helpers.js:95:19
 ❯ tests/components/FileViewer.manual-edit-save-flush.test.tsx:193:52
    191|     expect(harness.dom.window.document.activeElement).toBe(other);
    192|     expect(el.getAttribute('data-readable-editing')).toBe('true');
    193|     await act(async () => { fireEvent.click(screen.getByRole('button',…
       |                                                    ^
    194|     await harness.drain();
    195|     await act(async () => { await harness.saved.promise; });
 ❯ ../../node_modules/.pnpm/@testing-library+react@16.3_8105afb30b3aed617b9ca863f1e5e96d/node_modules/@testing-library/react/dist/act-compat.js:47:24
 ❯ act ../../node_modules/.pnpm/react@18.3.1/node_modules/react/cjs/react.development.js:2512:16
 ❯ ../../node_modules/.pnpm/@testing-library+react@16.3_8105afb30b3aed617b9ca863f1e5e96d/node_modules/@testing-library/react/dist/act-compat.js:46:25
 ❯ tests/components/FileViewer.manual-edit-save-flush.test.tsx:193:11

⎯⎯⎯⎯⎯⎯⎯⎯⎯⎯⎯⎯⎯⎯⎯⎯⎯⎯⎯⎯⎯⎯[21/66]⎯

 FAIL  tests/components/FileViewer.manual-edit-save-flush.test.tsx > Save flushes the real contenteditable bridge with low host profile > Enter commits exactly once before Save, even with transport delivery pending
TestingLibraryElementError: Unable to find an accessible element with the role "button" and name "Save changes"

Here are the accessible roles:

  button:

  Name "Reload Preview":
  [36m<button[39m
    [33maria-label[39m=[32m"Reload Preview"[39m
    [33mclass[39m=[32m"icon-only readable-tooltip"[39m
    [33mdata-tooltip[39m=[32m"Reload Preview"[39m
    [33mdata-tooltip-placement[39m=[32m"bottom"[39m
    [33mtitle[39m=[32m"Reload Preview"[39m
    [33mtype[39m=[32m"button"[39m
  [36m/>[39m

  Name "Comment on element":
  [36m<button[39m
    [33maria-label[39m=[32m"Comment on element"[39m
    [33maria-pressed[39m=[32m"false"[39m
    [33mclass[39m=[32m"viewer-action viewer-action-icon viewer-comment-toggle readable-tooltip"[39m
    [33mdata-testid[39m=[32m"board-mode-toggle"[39m
    [33mdata-tooltip[39m=[32m"Comment on element"[39m
    [33mdata-tooltip-placement[39m=[32m"bottom"[39m
    [33mtitle[39m=[32m"Comment on element"[39m
    [33mtype[39m=[32m"button"[39m
  [36m/>[39m

  Name "Select range":
  [36m<button[39m
    [33maria-label[39m=[32m"Select range"[39m
    [33maria-pressed[39m=[32m"false"[39m
    [33mclass[39m=[32m"viewer-action viewer-action-icon readable-tooltip"[39m
    [33mdata-testid[39m=[32m"draw-overlay-toggle"[39m
    [33mdata-tooltip[39m=[32m"Select range"[39m
    [33mdata-tooltip-placement[39m=[32m"bottom"[39m
    [33mtitle[39m=[32m"Select range"[39m
    [33mtype[39m=[32m"button"[39m
  [36m/>[39m

  Name "Edit":
  [36m<button[39m
    [33maria-label[39m=[32m"Edit"[39m
    [33maria-pressed[39m=[32m"true"[39m
    [33mclass[39m=[32m"viewer-action viewer-direct-edit readable-tooltip active"[39m
    [33mdata-testid[39m=[32m"manual-edit-mode-toggle"[39m
    [33mdata-tooltip[39m=[32m"Edit"[39m
    [33mdata-tooltip-placement[39m=[32m"bottom"[39m
    [33mtitle[39m=[32m"Edit"[39m
    [33mtype[39m=[32m"button"[39m
  [36m/>[39m

  Name "Comments (0)":
  [36m<button[39m
    [33maria-label[39m=[32m"Comments (0)"[39m
    [33maria-pressed[39m=[32m"false"[39m
    [33mclass[39m=[32m"viewer-action viewer-comment-count-trigger viewer-comment-toggle readable-tooltip"[39m
    [33mdata-testid[39m=[32m"comment-panel-toggle"[39m
    [33mdata-tooltip[39m=[32m"Comments"[39m
    [33mdata-tooltip-placement[39m=[32m"bottom"[39m
    [33mtitle[39m=[32m"Comments"[39m
    [33mtype[39m=[32m"button"[39m
  [36m/>[39m

  Name "100%":
  [36m<button[39m
    [33maria-expanded[39m=[32m"false"[39m
    [33maria-haspopup[39m=[32m"menu"[39m
    [33mclass[39m=[32m"viewer-action zoom-trigger readable-tooltip"[39m
    [33mdata-tooltip[39m=[32m"Reset zoom"[39m
    [33mdata-tooltip-placement[39m=[32m"bottom"[39m
    [33mtitle[39m=[32m"Reset zoom"[39m
    [33mtype[39m=[32m"button"[39m
  [36m/>[39m

  Name "Font size decrease":
  [36m<button[39m
    [33maria-label[39m=[32m"Font size decrease"[39m
    [33mclass[39m=[32m"_step_599c84 readable-tooltip"[39m
    [33mdata-tooltip[39m=[32m"Font size decrease"[39m
    [33mdisabled[39m=[32m""[39m
    [33mtype[39m=[32m"button"[39m
  [36m/>[39m

  Name "Font size increase":
  [36m<button[39m
    [33maria-label[39m=[32m"Font size increase"[39m
    [33mclass[39m=[32m"_step_599c84 readable-tooltip"[39m
    [33mdata-tooltip[39m=[32m"Font size increase"[39m
    [33mdisabled[39m=[32m""[39m
    [33mtype[39m=[32m"button"[39m
  [36m/>[39m

  Name "Bold":
  [36m<button[39m
    [33maria-label[39m=[32m"Bold"[39m
    [33maria-pressed[39m=[32m"false"[39m
    [33mclass[39m=[32m"_button_ee6a60 _subtle_ee6a60 subtle _icon_ee6a60 icon-btn readable-tooltip"[39m
    [33mdata-tooltip[39m=[32m"Bold"[39m
    [33mdisabled[39m=[32m""[39m
    [33mtype[39m=[32m"button"[39m
  [36m/>[39m

  Name "Italic":
  [36m<button[39m
    [33maria-label[39m=[32m"Italic"[39m
    [33maria-pressed[39m=[32m"false"[39m
    [33mclass[39m=[32m"_button_ee6a60 _subtle_ee6a60 subtle _icon_ee6a60 icon-btn readable-tooltip"[39m
    [33mdata-tooltip[39m=[32m"Italic"[39m
    [33mdisabled[39m=[32m""[39m
    [33mtype[39m=[32m"button"[39m
  [36m/>[39m

  Name "Underline":
  [36m<button[39m
    [33maria-label[39m=[32m"Underline"[39m
    [33maria-pressed[39m=[32m"false"[39m
    [33mclass[39m=[32m"_button_ee6a60 _subtle_ee6a60 subtle _icon_ee6a60 icon-btn readable-tooltip"[39m
    [33mdata-tooltip[39m=[32m"Underline"[39m
    [33mdisabled[39m=[32m""[39m
    [33mtype[39m=[32m"button"[39m
  [36m/>[39m

  Name "Text color":
  [36m<button[39m
    [33maria-expanded[39m=[32m"false"[39m
    [33maria-label[39m=[32m"Text color"[39m
    [33mclass[39m=[32m"_swatch_599c84 readable-tooltip"[39m
    [33mdata-tooltip[39m=[32m"Text color"[39m
    [33mstyle[39m=[32m"--swatch-color: transparent;"[39m
    [33mtype[39m=[32m"button"[39m
  [36m/>[39m

  Name "Align left":
  [36m<button[39m
    [33maria-label[39m=[32m"Align left"[39m
    [33maria-pressed[39m=[32m"false"[39m
    [33mclass[39m=[32m"_button_ee6a60 _subtle_ee6a60 subtle _icon_ee6a60 icon-btn readable-tooltip"[39m
    [33mdata-tooltip[39m=[32m"Align left"[39m
    [33mtype[39m=[32m"button"[39m
  [36m/>[39m

  Name "Align center":
  [36m<button[39m
    [33maria-label[39m=[32m"Align center"[39m
    [33maria-pressed[39m=[32m"false"[39m
    [33mclass[39m=[32m"_button_ee6a60 _subtle_ee6a60 subtle _icon_ee6a60 icon-btn readable-tooltip"[39m
    [33mdata-tooltip[39m=[32m"Align center"[39m
    [33mtype[39m=[32m"button"[39m
  [36m/>[39m

  Name "Align right":
  [36m<button[39m
    [33maria-label[39m=[32m"Align right"[39m
    [33maria-pressed[39m=[32m"false"[39m
    [33mclass[39m=[32m"_button_ee6a60 _subtle_ee6a60 subtle _icon_ee6a60 icon-btn readable-tooltip"[39m
    [33mdata-tooltip[39m=[32m"Align right"[39m
    [33mtype[39m=[32m"button"[39m
  [36m/>[39m

  Name "Justify":
  [36m<button[39m
    [33maria-label[39m=[32m"Justify"[39m
    [33maria-pressed[39m=[32m"false"[39m
    [33mclass[39m=[32m"_button_ee6a60 _subtle_ee6a60 subtle _icon_ee6a60 icon-btn readable-tooltip"[39m
    [33mdata-tooltip[39m=[32m"Justify"[39m
    [33mtype[39m=[32m"button"[39m
  [36m/>[39m

  Name "Line height decrease":
  [36m<button[39m
    [33maria-label[39m=[32m"Line height decrease"[39m
    [33mclass[39m=[32m"_step_599c84 readable-tooltip"[39m
    [33mdata-tooltip[39m=[32m"Line height decrease"[39m
    [33mdisabled[39m=[32m""[39m
    [33mtype[39m=[32m"button"[39m
  [36m/>[39m

  Name "Line height increase":
  [36m<button[39m
    [33maria-label[39m=[32m"Line height increase"[39m
    [33mclass[39m=[32m"_step_599c84 readable-tooltip"[39m
    [33mdata-tooltip[39m=[32m"Line height increase"[39m
    [33mdisabled[39m=[32m""[39m
    [33mtype[39m=[32m"button"[39m
  [36m/>[39m

  Name "Letter spacing decrease":
  [36m<button[39m
    [33maria-label[39m=[32m"Letter spacing decrease"[39m
    [33mclass[39m=[32m"_step_599c84 readable-tooltip"[39m
    [33mdata-tooltip[39m=[32m"Letter spacing decrease"[39m
    [33mdisabled[39m=[32m""[39m
    [33mtype[39m=[32m"button"[39m
  [36m/>[39m

  Name "Letter spacing increase":
  [36m<button[39m
    [33maria-label[39m=[32m"Letter spacing increase"[39m
    [33mclass[39m=[32m"_step_599c84 readable-tooltip"[39m
    [33mdata-tooltip[39m=[32m"Letter spacing increase"[39m
    [33mdisabled[39m=[32m""[39m
    [33mtype[39m=[32m"button"[39m
  [36m/>[39m

  Name "Undo":
  [36m<button[39m
    [33maria-label[39m=[32m"Undo"[39m
    [33mclass[39m=[32m"_button_ee6a60 _subtle_ee6a60 subtle _icon_ee6a60 icon-btn"[39m
    [33mdisabled[39m=[32m""[39m
    [33mtitle[39m=[32m"Undo"[39m
    [33mtype[39m=[32m"button"[39m
  [36m/>[39m

  Name "Redo":
  [36m<button[39m
    [33maria-label[39m=[32m"Redo"[39m
    [33mclass[39m=[32m"_button_ee6a60 _subtle_ee6a60 subtle _icon_ee6a60 icon-btn"[39m
    [33mdisabled[39m=[32m""[39m
    [33mtitle[39m=[32m"Redo"[39m
    [33mtype[39m=[32m"button"[39m
  [36m/>[39m

  Name "Fill":
  [36m<button[39m
    [33maria-expanded[39m=[32m"false"[39m
    [33maria-label[39m=[32m"Fill"[39m
    [33mclass[39m=[32m"_swatch_75e98d readable-tooltip"[39m
    [33mdata-tooltip[39m=[32m"Fill"[39m
    [33mstyle[39m=[32m"--swatch-color: transparent;"[39m
    [33mtitle[39m=[32m"Fill"[39m
    [33mtype[39m=[32m"button"[39m
  [36m/>[39m

  Name "Spacing":
  [36m<button[39m
    [33maria-expanded[39m=[32m"false"[39m
    [33maria-label[39m=[32m"Spacing"[39m
    [33mclass[39m=[32m"_button_ee6a60 _subtle_ee6a60 subtle _popoverButton_75e98d readable-tooltip"[39m
    [33mdata-tooltip[39m=[32m"Spacing"[39m
    [33mtype[39m=[32m"button"[39m
  [36m/>[39m

  Name "Border":
  [36m<button[39m
    [33maria-expanded[39m=[32m"false"[39m
    [33maria-label[39m=[32m"Border"[39m
    [33mclass[39m=[32m"_button_ee6a60 _subtle_ee6a60 subtle _popoverButton_75e98d readable-tooltip"[39m
    [33mdata-tooltip[39m=[32m"Border"[39m
    [33mtype[39m=[32m"button"[39m
  [36m/>[39m

  Name "More":
  [36m<button[39m
    [33maria-expanded[39m=[32m"false"[39m
    [33maria-label[39m=[32m"More"[39m
    [33mclass[39m=[32m"_button_ee6a60 _subtle_ee6a60 subtle _popoverButton_75e98d readable-tooltip"[39m
    [33mdata-tooltip[39m=[32m"More"[39m
    [33mtype[39m=[32m"button"[39m
  [36m/>[39m

  Name "Present":
  [36m<button[39m
    [33maria-expanded[39m=[32m"false"[39m
    [33maria-haspopup[39m=[32m"menu"[39m
    [33maria-label[39m=[32m"Present"[39m
    [33mclass[39m=[32m"chrome-action chrome-action-secondary chrome-action-icon present-trigger readable-tooltip"[39m
    [33mdata-tooltip[39m=[32m"Present"[39m
    [33mdata-tooltip-placement[39m=[32m"bottom"[39m
    [33mtitle[39m=[32m"Present"[39m
  [36m/>[39m

  Name "Share":
  [36m<button[39m
    [33maria-expanded[39m=[32m"false"[39m
    [33maria-haspopup[39m=[32m"menu"[39m
    [33maria-label[39m=[32m"Share"[39m
    [33mclass[39m=[32m"chrome-action chrome-action-secondary chrome-action-with-label chrome-action-text-only"[39m
    [33mtype[39m=[32m"button"[39m
  [36m/>[39m

  Name "Download":
  [36m<button[39m
    [33maria-expanded[39m=[32m"false"[39m
    [33maria-haspopup[39m=[32m"menu"[39m
    [33mclass[39m=[32m"chrome-action chrome-action-primary chrome-action-export"[39m
    [33mtype[39m=[32m"button"[39m
  [36m/>[39m

  Name "Resize top-left corner":
  [36m<button[39m
    [33maria-label[39m=[32m"Resize top-left corner"[39m
    [33mclass[39m=[32m"_handle_a82496 _handle-nw_a82496 "[39m
    [33mdata-direction[39m=[32m"nw"[39m
    [33mstyle[39m=[32m"left: 0px; top: 0px;"[39m
    [33mtabindex[39m=[32m"-1"[39m
    [33mtype[39m=[32m"button"[39m
  [36m/>[39m

  Name "Resize top edge":
  [36m<button[39m
    [33maria-label[39m=[32m"Resize top edge"[39m
    [33mclass[39m=[32m"_handle_a82496 _handle-n_a82496 "[39m
    [33mdata-direction[39m=[32m"n"[39m
    [33mstyle[39m=[32m"left: 10px; top: 0px;"[39m
    [33mtabindex[39m=[32m"-1"[39m
    [33mtype[39m=[32m"button"[39m
  [36m/>[39m

  Name "Resize top-right corner":
  [36m<button[39m
    [33maria-label[39m=[32m"Resize top-right corner"[39m
    [33mclass[39m=[32m"_handle_a82496 _handle-ne_a82496 "[39m
    [33mdata-direction[39m=[32m"ne"[39m
    [33mstyle[39m=[32m"left: 20px; top: 0px;"[39m
    [33mtabindex[39m=[32m"-1"[39m
    [33mtype[39m=[32m"button"[39m
  [36m/>[39m

  Name "Resize right edge":
  [36m<button[39m
    [33maria-label[39m=[32m"Resize right edge"[39m
    [33mclass[39m=[32m"_handle_a82496 _handle-e_a82496 "[39m
    [33mdata-direction[39m=[32m"e"[39m
    [33mstyle[39m=[32m"left: 20px; top: 10px;"[39m
    [33mtabindex[39m=[32m"-1"[39m
    [33mtype[39m=[32m"button"[39m
  [36m/>[39m

  Name "Resize bottom-right corner":
  [36m<button[39m
    [33maria-label[39m=[32m"Resize bottom-right corner"[39m
    [33mclass[39m=[32m"_handle_a82496 _handle-se_a82496 "[39m
    [33mdata-direction[39m=[32m"se"[39m
    [33mstyle[39m=[32m"left: 20px; top: 20px;"[39m
    [33mtabindex[39m=[32m"-1"[39m
    [33mtype[39m=[32m"button"[39m
  [36m/>[39m

  Name "Resize bottom edge":
  [36m<button[39m
    [33maria-label[39m=[32m"Resize bottom edge"[39m
    [33mclass[39m=[32m"_handle_a82496 _handle-s_a82496 "[39m
    [33mdata-direction[39m=[32m"s"[39m
    [33mstyle[39m=[32m"left: 10px; top: 20px;"[39m
    [33mtabindex[39m=[32m"-1"[39m
    [33mtype[39m=[32m"button"[39m
  [36m/>[39m

  Name "Resize bottom-left corner":
  [36m<button[39m
    [33maria-label[39m=[32m"Resize bottom-left corner"[39m
    [33mclass[39m=[32m"_handle_a82496 _handle-sw_a82496 "[39m
    [33mdata-direction[39m=[32m"sw"[39m
    [33mstyle[39m=[32m"left: 0px; top: 20px;"[39m
    [33mtabindex[39m=[32m"-1"[39m
    [33mtype[39m=[32m"button"[39m
  [36m/>[39m

  Name "Resize left edge":
  [36m<button[39m
    [33maria-label[39m=[32m"Resize left edge"[39m
    [33mclass[39m=[32m"_handle_a82496 _handle-w_a82496 "[39m
    [33mdata-direction[39m=[32m"w"[39m
    [33mstyle[39m=[32m"left: 0px; top: 10px;"[39m
    [33mtabindex[39m=[32m"-1"[39m
    [33mtype[39m=[32m"button"[39m
  [36m/>[39m

  --------------------------------------------------
  tablist:

  Name "View mode":
  [36m<div[39m
    [33maria-label[39m=[32m"View mode"[39m
    [33mclass[39m=[32m"viewer-tabs"[39m
    [33mrole[39m=[32m"tablist"[39m
  [36m/>[39m

  --------------------------------------------------
  tab:

  Name "Preview":
  [36m<button[39m
    [33maria-selected[39m=[32m"true"[39m
    [33mclass[39m=[32m"viewer-tab active"[39m
    [33mrole[39m=[32m"tab"[39m
    [33mtype[39m=[32m"button"[39m
  [36m/>[39m

  Name "Code":
  [36m<button[39m
    [33maria-selected[39m=[32m"false"[39m
    [33mclass[39m=[32m"viewer-tab "[39m
    [33mrole[39m=[32m"tab"[39m
    [33mtype[39m=[32m"button"[39m
  [36m/>[39m

  --------------------------------------------------
  toolbar:

  Name "Preview tools":
  [36m<div[39m
    [33maria-label[39m=[32m"Preview tools"[39m
    [33mclass[39m=[32m"viewer-tool-rail"[39m
    [33mrole[39m=[32m"toolbar"[39m
  [36m/>[39m

  --------------------------------------------------
  group:

  Name "Send to LLM":
  [36m<div[39m
    [33maria-label[39m=[32m"Send to LLM"[39m
    [33mclass[39m=[32m"viewer-tool-group viewer-tool-group-llm"[39m
    [33mrole[39m=[32m"group"[39m
  [36m/>[39m

  Name "Direct edit":
  [36m<div[39m
    [33maria-label[39m=[32m"Direct edit"[39m
    [33mclass[39m=[32m"viewer-tool-group viewer-tool-group-direct"[39m
    [33mrole[39m=[32m"group"[39m
  [36m/>[39m

  Name "Move element":
  [36m<div[39m
    [33maria-label[39m=[32m"Move element"[39m
    [33mclass[39m=[32m"_container_46ff88 _editing_46ff88"[39m
    [33mdata-readable-edit-primary-surface[39m=[32m"true"[39m
    [33mdata-readable-edit-selected-surface[39m=[32m"true"[39m
    [33mrole[39m=[32m"group"[39m
    [33mstyle[39m=[32m"left: 0px; top: 0px; width: 0px; height: 0px;"[39m
    [33mtabindex[39m=[32m"-1"[39m
  [36m/>[39m

  Name "Resize element":
  [36m<div[39m
    [33maria-label[39m=[32m"Resize element"[39m
    [33mclass[39m=[32m"_container_a82496"[39m
    [33mdata-readable-edit-selected-surface[39m=[32m"true"[39m
    [33mrole[39m=[32m"group"[39m
    [33mstyle[39m=[32m"left: 0px; top: 0px; width: 0px; height: 0px;"[39m
    [33mtabindex[39m=[32m"-1"[39m
  [36m/>[39m

  --------------------------------------------------
  combobox:

  Name "Font":
  [36m<input[39m
    [33maria-autocomplete[39m=[32m"list"[39m
    [33maria-controls[39m=[32m":r41:"[39m
    [33maria-expanded[39m=[32m"false"[39m
    [33maria-label[39m=[32m"Font"[39m
    [33mclass[39m=[32m"_fontInput_599c84"[39m
    [33mdata-tooltip[39m=[32m"Font"[39m
    [33mrole[39m=[32m"combobox"[39m
    [33mvalue[39m=[32m""[39m
  [36m/>[39m

  Name "Weight":
  [36m<select[39m
    [33maria-label[39m=[32m"Weight"[39m
    [33mclass[39m=[32m"_select_599c84"[39m
    [33mdata-tooltip[39m=[32m"Weight"[39m
  [36m/>[39m

  --------------------------------------------------
  textbox:

  Name "Font size":
  [36m<input[39m
    [33maria-label[39m=[32m"Font size"[39m
    [33mclass[39m=[32m"_stepInput_599c84"[39m
    [33minputmode[39m=[32m"decimal"[39m
    [33mvalue[39m=[32m""[39m
  [36m/>[39m

  Name "Line height":
  [36m<input[39m
    [33maria-label[39m=[32m"Line height"[39m
    [33mclass[39m=[32m"_stepInput_599c84"[39m
    [33minputmode[39m=[32m"decimal"[39m
    [33mvalue[39m=[32m""[39m
  [36m/>[39m

  Name "Letter spacing":
  [36m<input[39m
    [33maria-label[39m=[32m"Letter spacing"[39m
    [33mclass[39m=[32m"_stepInput_599c84"[39m
    [33minputmode[39m=[32m"decimal"[39m
    [33mvalue[39m=[32m""[39m
  [36m/>[39m

  Name "Width":
  [36m<input[39m
    [33maria-label[39m=[32m"Width"[39m
    [33minputmode[39m=[32m"decimal"[39m
    [33mvalue[39m=[32m""[39m
  [36m/>[39m

  Name "Height":
  [36m<input[39m
    [33maria-label[39m=[32m"Height"[39m
    [33minputmode[39m=[32m"decimal"[39m
    [33mvalue[39m=[32m""[39m
  [36m/>[39m

  Name "Radius":
  [36m<input[39m
    [33maria-label[39m=[32m"Radius"[39m
    [33minputmode[39m=[32m"decimal"[39m
    [33mvalue[39m=[32m""[39m
  [36m/>[39m

  Name "Opacity":
  [36m<input[39m
    [33maria-label[39m=[32m"Opacity"[39m
    [33minputmode[39m=[32m"decimal"[39m
    [33mvalue[39m=[32m""[39m
  [36m/>[39m

  --------------------------------------------------
  option:

  Name "–":
  [36m<option[39m
    [33mvalue[39m=[32m""[39m
  [36m/>[39m

  Name "100":
  [36m<option[39m
    [33mvalue[39m=[32m"100"[39m
  [36m/>[39m

  Name "200":
  [36m<option[39m
    [33mvalue[39m=[32m"200"[39m
  [36m/>[39m

  Name "300":
  [36m<option[39m
    [33mvalue[39m=[32m"300"[39m
  [36m/>[39m

  Name "400":
  [36m<option[39m
    [33mvalue[39m=[32m"400"[39m
  [36m/>[39m

  Name "500":
  [36m<option[39m
    [33mvalue[39m=[32m"500"[39m
  [36m/>[39m

  Name "600":
  [36m<option[39m
    [33mvalue[39m=[32m"600"[39m
  [36m/>[39m

  Name "700":
  [36m<option[39m
    [33mvalue[39m=[32m"700"[39m
  [36m/>[39m

  Name "800":
  [36m<option[39m
    [33mvalue[39m=[32m"800"[39m
  [36m/>[39m

  Name "900":
  [36m<option[39m
    [33mvalue[39m=[32m"900"[39m
  [36m/>[39m

  --------------------------------------------------
  emphasis:

  Name "":
  [36m<em />[39m

  Name "":
  [36m<em />[39m

  Name "":
  [36m<em />[39m

  --------------------------------------------------

Ignored nodes: comments, script, style
[36m<body>[39m
  [36m<div>[39m
    [36m<div[39m
      [33mclass[39m=[32m"viewer html-viewer"[39m
    [36m>[39m
      [36m<div[39m
        [33mclass[39m=[32m"viewer-toolbar"[39m
      [36m>[39m
        [36m<div[39m
          [33mclass[39m=[32m"viewer-toolbar-left"[39m
        [36m>[39m
          [36m<button[39m
            [33maria-label[39m=[32m"Reload Preview"[39m
            [33mclass[39m=[32m"icon-only readable-tooltip"[39m
            [33mdata-tooltip[39m=[32m"Reload Preview"[39m
            [33mdata-tooltip-placement[39m=[32m"bottom"[39m
            [33mtitle[39m=[32m"Reload Preview"[39m
            [33mtype[39m=[32m"button"[39m
          [36m>[39m
            [36m<svg[39m
              [33maria-hidden[39m=[32m"true"[39m
              [33mfill[39m=[32m"none"[39m
              [33mfocusable[39m=[32m"false"[39m
              [33mheight[39m=[32m"14"[39m
              [33mstroke[39m=[32m"currentColor"[39m
              [33mstroke-linecap[39m=[32m"round"[39m
              [33mstroke-linejoin[39m=[32m"round"[39m
              [33mstroke-width[39m=[32m"1.6"[39m
              [33mviewBox[39m=[32m"0 0 24 24"[39m
              [33mwidth[39m=[32m"14"[39m
            [36m>[39m
              [36m<path[39m
                [33md[39m=[32m"M21 12a9 9 0 1 1-3-6.7"[39m
              [36m/>[39m
              [36m<path[39m
                [33md[39m=[32m"M21 4v5h-5"[39m
              [36m/>[39m
            [36m</svg>[39m
          [36m</button>[39m
          [36m<div[39m
            [33maria-label[39m=[32m"View mode"[39m
            [33mclass[39m=[32m"viewer-tabs"[39m
            [33mrole[39m=[32m"tablist"[39m
          [36m>[39m
            [36m<button[39m
              [33maria-selected[39m=[32m"true"[39m
              [33mclass[39m=[32m"viewer-tab active"[39m
              [33mrole[39m=[32m"tab"[39m
              [33mtype[39m=[32m"button"[39m
            [36m>[39m
              [0mPreview[0m
            [36m</button>[39m
            [36m<button[39m
              [33maria-selected[39m=[32m"false"[39m
              [33mclass[39m=[32m"viewer-tab "[39m
              [33mrole[39m=[32m"tab"[39m
              [33mtype[39m=[32m"button"[39m
            [36m>[39m
              [0mCode[0m
            [36m</button>[39m
          [36m</div>[39m
        [36m</div>[39m
        [36m<div[39m
          [33maria-label[39m=[32m"Preview tools"[39m
          [33mclass[39m=[32m"viewer-tool-rail"[39m
          [33mrole[39m=[32m"toolbar"[39m
        [36m>[39m
          [36m<div[39m
            [33maria-label[39m=[32m"Send to LLM"[39m
            [33mclass[39m=[32m"viewer-tool-group viewer-tool-group-llm"[39m
            [33mrole[39m=[32m"group"[39m
          [36m>[39m
            [36m<span[39m
              [33mclass[39m=[32m"viewer-tool-group-label"[39m
            [36m>[39m
              [0mSend to LLM[0m
            [36m</span>[39m
            [36m<div[39m
              [33mclass[39m=[32m"artifact-tool-menu-anchor"[39m
            [36m>[39m
              [36m<button[39m
                [33maria-label[39m=[32m"Comment on element"[39m
                [33maria-pressed[39m=[32m"false"[39m
                [33mclass[39m=[32m"viewer-action viewer-action-icon viewer-comment-toggle readable-tooltip"[39m
                [33mdata-testid[39m=[32m"board-mode-toggle"[39m
                [33mdata-tooltip[39m=[32m"Comment on element"[39m
                [33mdata-tooltip-placement[39m=[32m"bottom"[39m
                [33mtitle[39m=[32m"Comment on element"[39m
                [33mtype[39m=[32m"button"[39m
              [36m>[39m
                [36m<i[39m
                  [33maria-hidden[39m=[32m"true"[39m
                  [33mclass[39m=[32m"ri-chat-new-line"[39m
                  [33mstyle[39m=[32m"font-size: 15px; line-height: 1; width: 15px; height: 15px; display: inline-flex; align-items: center; justify-content: center;"[39m
                [36m/>[39m
              [36m</button>[39m
            [36m</div>[39m
            [36m<button[39m
              [33maria-label[39m=[32m"Select range"[39m
              [33maria-pressed[39m=[32m"false"[39m
              [33mclass[39m=[32m"viewer-action viewer-action-icon readable-tooltip"[39m
              [33mdata-testid[39m=[32m"draw-overlay-toggle"[39m
              [33mdata-tooltip[39m=[32m"Select range"[39m
              [33mdata-tooltip-placement[39m=[32m"bottom"[39m
              [33mtitle[39m=[32m"Select range"[39m
              [33mtype[39m=[32m"button"[39m
            [36m>[39m
              [36m<i[39m
                [33maria-hidden[39m=[32m"true"[39m
                [33mclass[39m=[32m"ri-mark-pen-line"[39m
                [33mstyle[39m=[32m"font-size: 15px; line-height: 1; width: 15px; height: 15px; display: inline-flex; align-items: center; justify-content: center;"[39m
              [36m/>[39m
            [36m</button>[39m
          [36m</div>[39m
          [36m<span[39m
            [33maria-hidden[39m=[32m"true"[39m
            [33mclass[39m=[32m"viewer-tool-divider"[39m
          [36m/>[39m
          [36m<div[39m
            [33maria-label[39m=[32m"Direct edit"[39m
            [33mclass[39m=[32m"viewer-tool-group viewer-tool-group-direct"[39m
            [33mrole[39m=[32m"group"[39m
          [36m>[39m
            [36m<button[39m
              [33maria-label[39m=[32m"Edit"[39m
              [33maria-pressed[39m=[32m"true"[39m
              [33mclass[39m=[32m"viewer-action viewer-direct-edit readable-tooltip active"[39m
              [33mdata-testid[39m=[32m"manual-edit-mode-toggle"[39m
              [33mdata-tooltip[39m=[32m"Edit"[39m
              [33mdata-tooltip-placement[39m=[32m"bottom"[39m
              [33mtitle[39m=[32m"Edit"[39m
              [33mtype[39m=[32m"button"[39m
            [36m>[39m
              [36m<i[39m
                [33maria-hidden[39m=[32m"true"[39m
                [33mclass[39m=[32m"ri-edit-line"[39m
                [33mstyle[39m=[32m"font-size: 15px; line-height: 1; width: 15px; height: 15px; display: inline-flex; align-items: center; justify-content: center;"[39m
              [36m/>[39m
              [36m<span[39m
                [33mclass[39m=[32m"viewer-direct-edit-label"[39m
              [36m>[39m
                [0mDirect edit[0m
              [36m</span>[39m
            [36m</button>[39m
          [36m</div>[39m
        [36m</div>[39m
        [36m<div[39m
          [33mclass[39m=[32m"viewer-toolbar-utilities"[39m
        [36m>[39m
          [36m<button[39m
            [33maria-label[39m=[32m"Comments (0)"[39m
            [33maria-pressed[39m=[32m"false"[39m
         ...
 ❯ Object.getElementError ../../node_modules/.pnpm/@testing-library+dom@10.4.1/node_modules/@testing-library/dom/dist/config.js:37:19
 ❯ ../../node_modules/.pnpm/@testing-library+dom@10.4.1/node_modules/@testing-library/dom/dist/query-helpers.js:76:38
 ❯ ../../node_modules/.pnpm/@testing-library+dom@10.4.1/node_modules/@testing-library/dom/dist/query-helpers.js:52:17
 ❯ ../../node_modules/.pnpm/@testing-library+dom@10.4.1/node_modules/@testing-library/dom/dist/query-helpers.js:95:19
 ❯ tests/components/FileViewer.manual-edit-save-flush.test.tsx:224:52
    222|     else el.dispatchEvent(new harness.dom.window.KeyboardEvent('keydow…
    223|     expect(el.hasAttribute('contenteditable')).toBe(false);
    224|     await act(async () => { fireEvent.click(screen.getByRole('button',…
       |                                                    ^
    225|     expect(harness.writes).toHaveLength(0);
    226|     await harness.drain();
 ❯ ../../node_modules/.pnpm/@testing-library+react@16.3_8105afb30b3aed617b9ca863f1e5e96d/node_modules/@testing-library/react/dist/act-compat.js:47:24
 ❯ act ../../node_modules/.pnpm/react@18.3.1/node_modules/react/cjs/react.development.js:2512:16
 ❯ ../../node_modules/.pnpm/@testing-library+react@16.3_8105afb30b3aed617b9ca863f1e5e96d/node_modules/@testing-library/react/dist/act-compat.js:46:25
 ❯ tests/components/FileViewer.manual-edit-save-flush.test.tsx:224:11

⎯⎯⎯⎯⎯⎯⎯⎯⎯⎯⎯⎯⎯⎯⎯⎯⎯⎯⎯⎯⎯⎯[22/66]⎯

 FAIL  tests/components/FileViewer.manual-edit-save-flush.test.tsx > Save flushes the real contenteditable bridge with low host profile > Escape commits exactly once before Save, even with transport delivery pending
TestingLibraryElementError: Unable to find an accessible element with the role "button" and name "Save changes"

Here are the accessible roles:

  button:

  Name "Reload Preview":
  [36m<button[39m
    [33maria-label[39m=[32m"Reload Preview"[39m
    [33mclass[39m=[32m"icon-only readable-tooltip"[39m
    [33mdata-tooltip[39m=[32m"Reload Preview"[39m
    [33mdata-tooltip-placement[39m=[32m"bottom"[39m
    [33mtitle[39m=[32m"Reload Preview"[39m
    [33mtype[39m=[32m"button"[39m
  [36m/>[39m

  Name "Comment on element":
  [36m<button[39m
    [33maria-label[39m=[32m"Comment on element"[39m
    [33maria-pressed[39m=[32m"false"[39m
    [33mclass[39m=[32m"viewer-action viewer-action-icon viewer-comment-toggle readable-tooltip"[39m
    [33mdata-testid[39m=[32m"board-mode-toggle"[39m
    [33mdata-tooltip[39m=[32m"Comment on element"[39m
    [33mdata-tooltip-placement[39m=[32m"bottom"[39m
    [33mtitle[39m=[32m"Comment on element"[39m
    [33mtype[39m=[32m"button"[39m
  [36m/>[39m

  Name "Select range":
  [36m<button[39m
    [33maria-label[39m=[32m"Select range"[39m
    [33maria-pressed[39m=[32m"false"[39m
    [33mclass[39m=[32m"viewer-action viewer-action-icon readable-tooltip"[39m
    [33mdata-testid[39m=[32m"draw-overlay-toggle"[39m
    [33mdata-tooltip[39m=[32m"Select range"[39m
    [33mdata-tooltip-placement[39m=[32m"bottom"[39m
    [33mtitle[39m=[32m"Select range"[39m
    [33mtype[39m=[32m"button"[39m
  [36m/>[39m

  Name "Edit":
  [36m<button[39m
    [33maria-label[39m=[32m"Edit"[39m
    [33maria-pressed[39m=[32m"true"[39m
    [33mclass[39m=[32m"viewer-action viewer-direct-edit readable-tooltip active"[39m
    [33mdata-testid[39m=[32m"manual-edit-mode-toggle"[39m
    [33mdata-tooltip[39m=[32m"Edit"[39m
    [33mdata-tooltip-placement[39m=[32m"bottom"[39m
    [33mtitle[39m=[32m"Edit"[39m
    [33mtype[39m=[32m"button"[39m
  [36m/>[39m

  Name "Comments (0)":
  [36m<button[39m
    [33maria-label[39m=[32m"Comments (0)"[39m
    [33maria-pressed[39m=[32m"false"[39m
    [33mclass[39m=[32m"viewer-action viewer-comment-count-trigger viewer-comment-toggle readable-tooltip"[39m
    [33mdata-testid[39m=[32m"comment-panel-toggle"[39m
    [33mdata-tooltip[39m=[32m"Comments"[39m
    [33mdata-tooltip-placement[39m=[32m"bottom"[39m
    [33mtitle[39m=[32m"Comments"[39m
    [33mtype[39m=[32m"button"[39m
  [36m/>[39m

  Name "100%":
  [36m<button[39m
    [33maria-expanded[39m=[32m"false"[39m
    [33maria-haspopup[39m=[32m"menu"[39m
    [33mclass[39m=[32m"viewer-action zoom-trigger readable-tooltip"[39m
    [33mdata-tooltip[39m=[32m"Reset zoom"[39m
    [33mdata-tooltip-placement[39m=[32m"bottom"[39m
    [33mtitle[39m=[32m"Reset zoom"[39m
    [33mtype[39m=[32m"button"[39m
  [36m/>[39m

  Name "Font size decrease":
  [36m<button[39m
    [33maria-label[39m=[32m"Font size decrease"[39m
    [33mclass[39m=[32m"_step_599c84 readable-tooltip"[39m
    [33mdata-tooltip[39m=[32m"Font size decrease"[39m
    [33mdisabled[39m=[32m""[39m
    [33mtype[39m=[32m"button"[39m
  [36m/>[39m

  Name "Font size increase":
  [36m<button[39m
    [33maria-label[39m=[32m"Font size increase"[39m
    [33mclass[39m=[32m"_step_599c84 readable-tooltip"[39m
    [33mdata-tooltip[39m=[32m"Font size increase"[39m
    [33mdisabled[39m=[32m""[39m
    [33mtype[39m=[32m"button"[39m
  [36m/>[39m

  Name "Bold":
  [36m<button[39m
    [33maria-label[39m=[32m"Bold"[39m
    [33maria-pressed[39m=[32m"false"[39m
    [33mclass[39m=[32m"_button_ee6a60 _subtle_ee6a60 subtle _icon_ee6a60 icon-btn readable-tooltip"[39m
    [33mdata-tooltip[39m=[32m"Bold"[39m
    [33mdisabled[39m=[32m""[39m
    [33mtype[39m=[32m"button"[39m
  [36m/>[39m

  Name "Italic":
  [36m<button[39m
    [33maria-label[39m=[32m"Italic"[39m
    [33maria-pressed[39m=[32m"false"[39m
    [33mclass[39m=[32m"_button_ee6a60 _subtle_ee6a60 subtle _icon_ee6a60 icon-btn readable-tooltip"[39m
    [33mdata-tooltip[39m=[32m"Italic"[39m
    [33mdisabled[39m=[32m""[39m
    [33mtype[39m=[32m"button"[39m
  [36m/>[39m

  Name "Underline":
  [36m<button[39m
    [33maria-label[39m=[32m"Underline"[39m
    [33maria-pressed[39m=[32m"false"[39m
    [33mclass[39m=[32m"_button_ee6a60 _subtle_ee6a60 subtle _icon_ee6a60 icon-btn readable-tooltip"[39m
    [33mdata-tooltip[39m=[32m"Underline"[39m
    [33mdisabled[39m=[32m""[39m
    [33mtype[39m=[32m"button"[39m
  [36m/>[39m

  Name "Text color":
  [36m<button[39m
    [33maria-expanded[39m=[32m"false"[39m
    [33maria-label[39m=[32m"Text color"[39m
    [33mclass[39m=[32m"_swatch_599c84 readable-tooltip"[39m
    [33mdata-tooltip[39m=[32m"Text color"[39m
    [33mstyle[39m=[32m"--swatch-color: transparent;"[39m
    [33mtype[39m=[32m"button"[39m
  [36m/>[39m

  Name "Align left":
  [36m<button[39m
    [33maria-label[39m=[32m"Align left"[39m
    [33maria-pressed[39m=[32m"false"[39m
    [33mclass[39m=[32m"_button_ee6a60 _subtle_ee6a60 subtle _icon_ee6a60 icon-btn readable-tooltip"[39m
    [33mdata-tooltip[39m=[32m"Align left"[39m
    [33mtype[39m=[32m"button"[39m
  [36m/>[39m

  Name "Align center":
  [36m<button[39m
    [33maria-label[39m=[32m"Align center"[39m
    [33maria-pressed[39m=[32m"false"[39m
    [33mclass[39m=[32m"_button_ee6a60 _subtle_ee6a60 subtle _icon_ee6a60 icon-btn readable-tooltip"[39m
    [33mdata-tooltip[39m=[32m"Align center"[39m
    [33mtype[39m=[32m"button"[39m
  [36m/>[39m

  Name "Align right":
  [36m<button[39m
    [33maria-label[39m=[32m"Align right"[39m
    [33maria-pressed[39m=[32m"false"[39m
    [33mclass[39m=[32m"_button_ee6a60 _subtle_ee6a60 subtle _icon_ee6a60 icon-btn readable-tooltip"[39m
    [33mdata-tooltip[39m=[32m"Align right"[39m
    [33mtype[39m=[32m"button"[39m
  [36m/>[39m

  Name "Justify":
  [36m<button[39m
    [33maria-label[39m=[32m"Justify"[39m
    [33maria-pressed[39m=[32m"false"[39m
    [33mclass[39m=[32m"_button_ee6a60 _subtle_ee6a60 subtle _icon_ee6a60 icon-btn readable-tooltip"[39m
    [33mdata-tooltip[39m=[32m"Justify"[39m
    [33mtype[39m=[32m"button"[39m
  [36m/>[39m

  Name "Line height decrease":
  [36m<button[39m
    [33maria-label[39m=[32m"Line height decrease"[39m
    [33mclass[39m=[32m"_step_599c84 readable-tooltip"[39m
    [33mdata-tooltip[39m=[32m"Line height decrease"[39m
    [33mdisabled[39m=[32m""[39m
    [33mtype[39m=[32m"button"[39m
  [36m/>[39m

  Name "Line height increase":
  [36m<button[39m
    [33maria-label[39m=[32m"Line height increase"[39m
    [33mclass[39m=[32m"_step_599c84 readable-tooltip"[39m
    [33mdata-tooltip[39m=[32m"Line height increase"[39m
    [33mdisabled[39m=[32m""[39m
    [33mtype[39m=[32m"button"[39m
  [36m/>[39m

  Name "Letter spacing decrease":
  [36m<button[39m
    [33maria-label[39m=[32m"Letter spacing decrease"[39m
    [33mclass[39m=[32m"_step_599c84 readable-tooltip"[39m
    [33mdata-tooltip[39m=[32m"Letter spacing decrease"[39m
    [33mdisabled[39m=[32m""[39m
    [33mtype[39m=[32m"button"[39m
  [36m/>[39m

  Name "Letter spacing increase":
  [36m<button[39m
    [33maria-label[39m=[32m"Letter spacing increase"[39m
    [33mclass[39m=[32m"_step_599c84 readable-tooltip"[39m
    [33mdata-tooltip[39m=[32m"Letter spacing increase"[39m
    [33mdisabled[39m=[32m""[39m
    [33mtype[39m=[32m"button"[39m
  [36m/>[39m

  Name "Undo":
  [36m<button[39m
    [33maria-label[39m=[32m"Undo"[39m
    [33mclass[39m=[32m"_button_ee6a60 _subtle_ee6a60 subtle _icon_ee6a60 icon-btn"[39m
    [33mdisabled[39m=[32m""[39m
    [33mtitle[39m=[32m"Undo"[39m
    [33mtype[39m=[32m"button"[39m
  [36m/>[39m

  Name "Redo":
  [36m<button[39m
    [33maria-label[39m=[32m"Redo"[39m
    [33mclass[39m=[32m"_button_ee6a60 _subtle_ee6a60 subtle _icon_ee6a60 icon-btn"[39m
    [33mdisabled[39m=[32m""[39m
    [33mtitle[39m=[32m"Redo"[39m
    [33mtype[39m=[32m"button"[39m
  [36m/>[39m

  Name "Fill":
  [36m<button[39m
    [33maria-expanded[39m=[32m"false"[39m
    [33maria-label[39m=[32m"Fill"[39m
    [33mclass[39m=[32m"_swatch_75e98d readable-tooltip"[39m
    [33mdata-tooltip[39m=[32m"Fill"[39m
    [33mstyle[39m=[32m"--swatch-color: transparent;"[39m
    [33mtitle[39m=[32m"Fill"[39m
    [33mtype[39m=[32m"button"[39m
  [36m/>[39m

  Name "Spacing":
  [36m<button[39m
    [33maria-expanded[39m=[32m"false"[39m
    [33maria-label[39m=[32m"Spacing"[39m
    [33mclass[39m=[32m"_button_ee6a60 _subtle_ee6a60 subtle _popoverButton_75e98d readable-tooltip"[39m
    [33mdata-tooltip[39m=[32m"Spacing"[39m
    [33mtype[39m=[32m"button"[39m
  [36m/>[39m

  Name "Border":
  [36m<button[39m
    [33maria-expanded[39m=[32m"false"[39m
    [33maria-label[39m=[32m"Border"[39m
    [33mclass[39m=[32m"_button_ee6a60 _subtle_ee6a60 subtle _popoverButton_75e98d readable-tooltip"[39m
    [33mdata-tooltip[39m=[32m"Border"[39m
    [33mtype[39m=[32m"button"[39m
  [36m/>[39m

  Name "More":
  [36m<button[39m
    [33maria-expanded[39m=[32m"false"[39m
    [33maria-label[39m=[32m"More"[39m
    [33mclass[39m=[32m"_button_ee6a60 _subtle_ee6a60 subtle _popoverButton_75e98d readable-tooltip"[39m
    [33mdata-tooltip[39m=[32m"More"[39m
    [33mtype[39m=[32m"button"[39m
  [36m/>[39m

  Name "Present":
  [36m<button[39m
    [33maria-expanded[39m=[32m"false"[39m
    [33maria-haspopup[39m=[32m"menu"[39m
    [33maria-label[39m=[32m"Present"[39m
    [33mclass[39m=[32m"chrome-action chrome-action-secondary chrome-action-icon present-trigger readable-tooltip"[39m
    [33mdata-tooltip[39m=[32m"Present"[39m
    [33mdata-tooltip-placement[39m=[32m"bottom"[39m
    [33mtitle[39m=[32m"Present"[39m
  [36m/>[39m

  Name "Share":
  [36m<button[39m
    [33maria-expanded[39m=[32m"false"[39m
    [33maria-haspopup[39m=[32m"menu"[39m
    [33maria-label[39m=[32m"Share"[39m
    [33mclass[39m=[32m"chrome-action chrome-action-secondary chrome-action-with-label chrome-action-text-only"[39m
    [33mtype[39m=[32m"button"[39m
  [36m/>[39m

  Name "Download":
  [36m<button[39m
    [33maria-expanded[39m=[32m"false"[39m
    [33maria-haspopup[39m=[32m"menu"[39m
    [33mclass[39m=[32m"chrome-action chrome-action-primary chrome-action-export"[39m
    [33mtype[39m=[32m"button"[39m
  [36m/>[39m

  Name "Resize top-left corner":
  [36m<button[39m
    [33maria-label[39m=[32m"Resize top-left corner"[39m
    [33mclass[39m=[32m"_handle_a82496 _handle-nw_a82496 "[39m
    [33mdata-direction[39m=[32m"nw"[39m
    [33mstyle[39m=[32m"left: 0px; top: 0px;"[39m
    [33mtabindex[39m=[32m"-1"[39m
    [33mtype[39m=[32m"button"[39m
  [36m/>[39m

  Name "Resize top edge":
  [36m<button[39m
    [33maria-label[39m=[32m"Resize top edge"[39m
    [33mclass[39m=[32m"_handle_a82496 _handle-n_a82496 "[39m
    [33mdata-direction[39m=[32m"n"[39m
    [33mstyle[39m=[32m"left: 10px; top: 0px;"[39m
    [33mtabindex[39m=[32m"-1"[39m
    [33mtype[39m=[32m"button"[39m
  [36m/>[39m

  Name "Resize top-right corner":
  [36m<button[39m
    [33maria-label[39m=[32m"Resize top-right corner"[39m
    [33mclass[39m=[32m"_handle_a82496 _handle-ne_a82496 "[39m
    [33mdata-direction[39m=[32m"ne"[39m
    [33mstyle[39m=[32m"left: 20px; top: 0px;"[39m
    [33mtabindex[39m=[32m"-1"[39m
    [33mtype[39m=[32m"button"[39m
  [36m/>[39m

  Name "Resize right edge":
  [36m<button[39m
    [33maria-label[39m=[32m"Resize right edge"[39m
    [33mclass[39m=[32m"_handle_a82496 _handle-e_a82496 "[39m
    [33mdata-direction[39m=[32m"e"[39m
    [33mstyle[39m=[32m"left: 20px; top: 10px;"[39m
    [33mtabindex[39m=[32m"-1"[39m
    [33mtype[39m=[32m"button"[39m
  [36m/>[39m

  Name "Resize bottom-right corner":
  [36m<button[39m
    [33maria-label[39m=[32m"Resize bottom-right corner"[39m
    [33mclass[39m=[32m"_handle_a82496 _handle-se_a82496 "[39m
    [33mdata-direction[39m=[32m"se"[39m
    [33mstyle[39m=[32m"left: 20px; top: 20px;"[39m
    [33mtabindex[39m=[32m"-1"[39m
    [33mtype[39m=[32m"button"[39m
  [36m/>[39m

  Name "Resize bottom edge":
  [36m<button[39m
    [33maria-label[39m=[32m"Resize bottom edge"[39m
    [33mclass[39m=[32m"_handle_a82496 _handle-s_a82496 "[39m
    [33mdata-direction[39m=[32m"s"[39m
    [33mstyle[39m=[32m"left: 10px; top: 20px;"[39m
    [33mtabindex[39m=[32m"-1"[39m
    [33mtype[39m=[32m"button"[39m
  [36m/>[39m

  Name "Resize bottom-left corner":
  [36m<button[39m
    [33maria-label[39m=[32m"Resize bottom-left corner"[39m
    [33mclass[39m=[32m"_handle_a82496 _handle-sw_a82496 "[39m
    [33mdata-direction[39m=[32m"sw"[39m
    [33mstyle[39m=[32m"left: 0px; top: 20px;"[39m
    [33mtabindex[39m=[32m"-1"[39m
    [33mtype[39m=[32m"button"[39m
  [36m/>[39m

  Name "Resize left edge":
  [36m<button[39m
    [33maria-label[39m=[32m"Resize left edge"[39m
    [33mclass[39m=[32m"_handle_a82496 _handle-w_a82496 "[39m
    [33mdata-direction[39m=[32m"w"[39m
    [33mstyle[39m=[32m"left: 0px; top: 10px;"[39m
    [33mtabindex[39m=[32m"-1"[39m
    [33mtype[39m=[32m"button"[39m
  [36m/>[39m

  --------------------------------------------------
  tablist:

  Name "View mode":
  [36m<div[39m
    [33maria-label[39m=[32m"View mode"[39m
    [33mclass[39m=[32m"viewer-tabs"[39m
    [33mrole[39m=[32m"tablist"[39m
  [36m/>[39m

  --------------------------------------------------
  tab:

  Name "Preview":
  [36m<button[39m
    [33maria-selected[39m=[32m"true"[39m
    [33mclass[39m=[32m"viewer-tab active"[39m
    [33mrole[39m=[32m"tab"[39m
    [33mtype[39m=[32m"button"[39m
  [36m/>[39m

  Name "Code":
  [36m<button[39m
    [33maria-selected[39m=[32m"false"[39m
    [33mclass[39m=[32m"viewer-tab "[39m
    [33mrole[39m=[32m"tab"[39m
    [33mtype[39m=[32m"button"[39m
  [36m/>[39m

  --------------------------------------------------
  toolbar:

  Name "Preview tools":
  [36m<div[39m
    [33maria-label[39m=[32m"Preview tools"[39m
    [33mclass[39m=[32m"viewer-tool-rail"[39m
    [33mrole[39m=[32m"toolbar"[39m
  [36m/>[39m

  --------------------------------------------------
  group:

  Name "Send to LLM":
  [36m<div[39m
    [33maria-label[39m=[32m"Send to LLM"[39m
    [33mclass[39m=[32m"viewer-tool-group viewer-tool-group-llm"[39m
    [33mrole[39m=[32m"group"[39m
  [36m/>[39m

  Name "Direct edit":
  [36m<div[39m
    [33maria-label[39m=[32m"Direct edit"[39m
    [33mclass[39m=[32m"viewer-tool-group viewer-tool-group-direct"[39m
    [33mrole[39m=[32m"group"[39m
  [36m/>[39m

  Name "Move element":
  [36m<div[39m
    [33maria-label[39m=[32m"Move element"[39m
    [33mclass[39m=[32m"_container_46ff88 _editing_46ff88"[39m
    [33mdata-readable-edit-primary-surface[39m=[32m"true"[39m
    [33mdata-readable-edit-selected-surface[39m=[32m"true"[39m
    [33mrole[39m=[32m"group"[39m
    [33mstyle[39m=[32m"left: 0px; top: 0px; width: 0px; height: 0px;"[39m
    [33mtabindex[39m=[32m"-1"[39m
  [36m/>[39m

  Name "Resize element":
  [36m<div[39m
    [33maria-label[39m=[32m"Resize element"[39m
    [33mclass[39m=[32m"_container_a82496"[39m
    [33mdata-readable-edit-selected-surface[39m=[32m"true"[39m
    [33mrole[39m=[32m"group"[39m
    [33mstyle[39m=[32m"left: 0px; top: 0px; width: 0px; height: 0px;"[39m
    [33mtabindex[39m=[32m"-1"[39m
  [36m/>[39m

  --------------------------------------------------
  combobox:

  Name "Font":
  [36m<input[39m
    [33maria-autocomplete[39m=[32m"list"[39m
    [33maria-controls[39m=[32m":r45:"[39m
    [33maria-expanded[39m=[32m"false"[39m
    [33maria-label[39m=[32m"Font"[39m
    [33mclass[39m=[32m"_fontInput_599c84"[39m
    [33mdata-tooltip[39m=[32m"Font"[39m
    [33mrole[39m=[32m"combobox"[39m
    [33mvalue[39m=[32m""[39m
  [36m/>[39m

  Name "Weight":
  [36m<select[39m
    [33maria-label[39m=[32m"Weight"[39m
    [33mclass[39m=[32m"_select_599c84"[39m
    [33mdata-tooltip[39m=[32m"Weight"[39m
  [36m/>[39m

  --------------------------------------------------
  textbox:

  Name "Font size":
  [36m<input[39m
    [33maria-label[39m=[32m"Font size"[39m
    [33mclass[39m=[32m"_stepInput_599c84"[39m
    [33minputmode[39m=[32m"decimal"[39m
    [33mvalue[39m=[32m""[39m
  [36m/>[39m

  Name "Line height":
  [36m<input[39m
    [33maria-label[39m=[32m"Line height"[39m
    [33mclass[39m=[32m"_stepInput_599c84"[39m
    [33minputmode[39m=[32m"decimal"[39m
    [33mvalue[39m=[32m""[39m
  [36m/>[39m

  Name "Letter spacing":
  [36m<input[39m
    [33maria-label[39m=[32m"Letter spacing"[39m
    [33mclass[39m=[32m"_stepInput_599c84"[39m
    [33minputmode[39m=[32m"decimal"[39m
    [33mvalue[39m=[32m""[39m
  [36m/>[39m

  Name "Width":
  [36m<input[39m
    [33maria-label[39m=[32m"Width"[39m
    [33minputmode[39m=[32m"decimal"[39m
    [33mvalue[39m=[32m""[39m
  [36m/>[39m

  Name "Height":
  [36m<input[39m
    [33maria-label[39m=[32m"Height"[39m
    [33minputmode[39m=[32m"decimal"[39m
    [33mvalue[39m=[32m""[39m
  [36m/>[39m

  Name "Radius":
  [36m<input[39m
    [33maria-label[39m=[32m"Radius"[39m
    [33minputmode[39m=[32m"decimal"[39m
    [33mvalue[39m=[32m""[39m
  [36m/>[39m

  Name "Opacity":
  [36m<input[39m
    [33maria-label[39m=[32m"Opacity"[39m
    [33minputmode[39m=[32m"decimal"[39m
    [33mvalue[39m=[32m""[39m
  [36m/>[39m

  --------------------------------------------------
  option:

  Name "–":
  [36m<option[39m
    [33mvalue[39m=[32m""[39m
  [36m/>[39m

  Name "100":
  [36m<option[39m
    [33mvalue[39m=[32m"100"[39m
  [36m/>[39m

  Name "200":
  [36m<option[39m
    [33mvalue[39m=[32m"200"[39m
  [36m/>[39m

  Name "300":
  [36m<option[39m
    [33mvalue[39m=[32m"300"[39m
  [36m/>[39m

  Name "400":
  [36m<option[39m
    [33mvalue[39m=[32m"400"[39m
  [36m/>[39m

  Name "500":
  [36m<option[39m
    [33mvalue[39m=[32m"500"[39m
  [36m/>[39m

  Name "600":
  [36m<option[39m
    [33mvalue[39m=[32m"600"[39m
  [36m/>[39m

  Name "700":
  [36m<option[39m
    [33mvalue[39m=[32m"700"[39m
  [36m/>[39m

  Name "800":
  [36m<option[39m
    [33mvalue[39m=[32m"800"[39m
  [36m/>[39m

  Name "900":
  [36m<option[39m
    [33mvalue[39m=[32m"900"[39m
  [36m/>[39m

  --------------------------------------------------
  emphasis:

  Name "":
  [36m<em />[39m

  Name "":
  [36m<em />[39m

  Name "":
  [36m<em />[39m

  --------------------------------------------------

Ignored nodes: comments, script, style
[36m<body>[39m
  [36m<div>[39m
    [36m<div[39m
      [33mclass[39m=[32m"viewer html-viewer"[39m
    [36m>[39m
      [36m<div[39m
        [33mclass[39m=[32m"viewer-toolbar"[39m
      [36m>[39m
        [36m<div[39m
          [33mclass[39m=[32m"viewer-toolbar-left"[39m
        [36m>[39m
          [36m<button[39m
            [33maria-label[39m=[32m"Reload Preview"[39m
            [33mclass[39m=[32m"icon-only readable-tooltip"[39m
            [33mdata-tooltip[39m=[32m"Reload Preview"[39m
            [33mdata-tooltip-placement[39m=[32m"bottom"[39m
            [33mtitle[39m=[32m"Reload Preview"[39m
            [33mtype[39m=[32m"button"[39m
          [36m>[39m
            [36m<svg[39m
              [33maria-hidden[39m=[32m"true"[39m
              [33mfill[39m=[32m"none"[39m
              [33mfocusable[39m=[32m"false"[39m
              [33mheight[39m=[32m"14"[39m
              [33mstroke[39m=[32m"currentColor"[39m
              [33mstroke-linecap[39m=[32m"round"[39m
              [33mstroke-linejoin[39m=[32m"round"[39m
              [33mstroke-width[39m=[32m"1.6"[39m
              [33mviewBox[39m=[32m"0 0 24 24"[39m
              [33mwidth[39m=[32m"14"[39m
            [36m>[39m
              [36m<path[39m
                [33md[39m=[32m"M21 12a9 9 0 1 1-3-6.7"[39m
              [36m/>[39m
              [36m<path[39m
                [33md[39m=[32m"M21 4v5h-5"[39m
              [36m/>[39m
            [36m</svg>[39m
          [36m</button>[39m
          [36m<div[39m
            [33maria-label[39m=[32m"View mode"[39m
            [33mclass[39m=[32m"viewer-tabs"[39m
            [33mrole[39m=[32m"tablist"[39m
          [36m>[39m
            [36m<button[39m
              [33maria-selected[39m=[32m"true"[39m
              [33mclass[39m=[32m"viewer-tab active"[39m
              [33mrole[39m=[32m"tab"[39m
              [33mtype[39m=[32m"button"[39m
            [36m>[39m
              [0mPreview[0m
            [36m</button>[39m
            [36m<button[39m
              [33maria-selected[39m=[32m"false"[39m
              [33mclass[39m=[32m"viewer-tab "[39m
              [33mrole[39m=[32m"tab"[39m
              [33mtype[39m=[32m"button"[39m
            [36m>[39m
              [0mCode[0m
            [36m</button>[39m
          [36m</div>[39m
        [36m</div>[39m
        [36m<div[39m
          [33maria-label[39m=[32m"Preview tools"[39m
          [33mclass[39m=[32m"viewer-tool-rail"[39m
          [33mrole[39m=[32m"toolbar"[39m
        [36m>[39m
          [36m<div[39m
            [33maria-label[39m=[32m"Send to LLM"[39m
            [33mclass[39m=[32m"viewer-tool-group viewer-tool-group-llm"[39m
            [33mrole[39m=[32m"group"[39m
          [36m>[39m
            [36m<span[39m
              [33mclass[39m=[32m"viewer-tool-group-label"[39m
            [36m>[39m
              [0mSend to LLM[0m
            [36m</span>[39m
            [36m<div[39m
              [33mclass[39m=[32m"artifact-tool-menu-anchor"[39m
            [36m>[39m
              [36m<button[39m
                [33maria-label[39m=[32m"Comment on element"[39m
                [33maria-pressed[39m=[32m"false"[39m
                [33mclass[39m=[32m"viewer-action viewer-action-icon viewer-comment-toggle readable-tooltip"[39m
                [33mdata-testid[39m=[32m"board-mode-toggle"[39m
                [33mdata-tooltip[39m=[32m"Comment on element"[39m
                [33mdata-tooltip-placement[39m=[32m"bottom"[39m
                [33mtitle[39m=[32m"Comment on element"[39m
                [33mtype[39m=[32m"button"[39m
              [36m>[39m
                [36m<i[39m
                  [33maria-hidden[39m=[32m"true"[39m
                  [33mclass[39m=[32m"ri-chat-new-line"[39m
                  [33mstyle[39m=[32m"font-size: 15px; line-height: 1; width: 15px; height: 15px; display: inline-flex; align-items: center; justify-content: center;"[39m
                [36m/>[39m
              [36m</button>[39m
            [36m</div>[39m
            [36m<button[39m
              [33maria-label[39m=[32m"Select range"[39m
              [33maria-pressed[39m=[32m"false"[39m
              [33mclass[39m=[32m"viewer-action viewer-action-icon readable-tooltip"[39m
              [33mdata-testid[39m=[32m"draw-overlay-toggle"[39m
              [33mdata-tooltip[39m=[32m"Select range"[39m
              [33mdata-tooltip-placement[39m=[32m"bottom"[39m
              [33mtitle[39m=[32m"Select range"[39m
              [33mtype[39m=[32m"button"[39m
            [36m>[39m
              [36m<i[39m
                [33maria-hidden[39m=[32m"true"[39m
                [33mclass[39m=[32m"ri-mark-pen-line"[39m
                [33mstyle[39m=[32m"font-size: 15px; line-height: 1; width: 15px; height: 15px; display: inline-flex; align-items: center; justify-content: center;"[39m
              [36m/>[39m
            [36m</button>[39m
          [36m</div>[39m
          [36m<span[39m
            [33maria-hidden[39m=[32m"true"[39m
            [33mclass[39m=[32m"viewer-tool-divider"[39m
          [36m/>[39m
          [36m<div[39m
            [33maria-label[39m=[32m"Direct edit"[39m
            [33mclass[39m=[32m"viewer-tool-group viewer-tool-group-direct"[39m
            [33mrole[39m=[32m"group"[39m
          [36m>[39m
            [36m<button[39m
              [33maria-label[39m=[32m"Edit"[39m
              [33maria-pressed[39m=[32m"true"[39m
              [33mclass[39m=[32m"viewer-action viewer-direct-edit readable-tooltip active"[39m
              [33mdata-testid[39m=[32m"manual-edit-mode-toggle"[39m
              [33mdata-tooltip[39m=[32m"Edit"[39m
              [33mdata-tooltip-placement[39m=[32m"bottom"[39m
              [33mtitle[39m=[32m"Edit"[39m
              [33mtype[39m=[32m"button"[39m
            [36m>[39m
              [36m<i[39m
                [33maria-hidden[39m=[32m"true"[39m
                [33mclass[39m=[32m"ri-edit-line"[39m
                [33mstyle[39m=[32m"font-size: 15px; line-height: 1; width: 15px; height: 15px; display: inline-flex; align-items: center; justify-content: center;"[39m
              [36m/>[39m
              [36m<span[39m
                [33mclass[39m=[32m"viewer-direct-edit-label"[39m
              [36m>[39m
                [0mDirect edit[0m
              [36m</span>[39m
            [36m</button>[39m
          [36m</div>[39m
        [36m</div>[39m
        [36m<div[39m
          [33mclass[39m=[32m"viewer-toolbar-utilities"[39m
        [36m>[39m
          [36m<button[39m
            [33maria-label[39m=[32m"Comments (0)"[39m
            [33maria-pressed[39m=[32m"false"[39m
         ...
 ❯ Object.getElementError ../../node_modules/.pnpm/@testing-library+dom@10.4.1/node_modules/@testing-library/dom/dist/config.js:37:19
 ❯ ../../node_modules/.pnpm/@testing-library+dom@10.4.1/node_modules/@testing-library/dom/dist/query-helpers.js:76:38
 ❯ ../../node_modules/.pnpm/@testing-library+dom@10.4.1/node_modules/@testing-library/dom/dist/query-helpers.js:52:17
 ❯ ../../node_modules/.pnpm/@testing-library+dom@10.4.1/node_modules/@testing-library/dom/dist/query-helpers.js:95:19
 ❯ tests/components/FileViewer.manual-edit-save-flush.test.tsx:224:52
    222|     else el.dispatchEvent(new harness.dom.window.KeyboardEvent('keydow…
    223|     expect(el.hasAttribute('contenteditable')).toBe(false);
    224|     await act(async () => { fireEvent.click(screen.getByRole('button',…
       |                                                    ^
    225|     expect(harness.writes).toHaveLength(0);
    226|     await harness.drain();
 ❯ ../../node_modules/.pnpm/@testing-library+react@16.3_8105afb30b3aed617b9ca863f1e5e96d/node_modules/@testing-library/react/dist/act-compat.js:47:24
 ❯ act ../../node_modules/.pnpm/react@18.3.1/node_modules/react/cjs/react.development.js:2512:16
 ❯ ../../node_modules/.pnpm/@testing-library+react@16.3_8105afb30b3aed617b9ca863f1e5e96d/node_modules/@testing-library/react/dist/act-compat.js:46:25
 ❯ tests/components/FileViewer.manual-edit-save-flush.test.tsx:224:11

⎯⎯⎯⎯⎯⎯⎯⎯⎯⎯⎯⎯⎯⎯⎯⎯⎯⎯⎯⎯⎯⎯[23/66]⎯

 FAIL  tests/components/FileViewer.manual-edit-save-flush.test.tsx > Save flushes the real contenteditable bridge with low host profile > blur commits exactly once before Save, even with transport delivery pending
TestingLibraryElementError: Unable to find an accessible element with the role "button" and name "Save changes"

Here are the accessible roles:

  button:

  Name "Reload Preview":
  [36m<button[39m
    [33maria-label[39m=[32m"Reload Preview"[39m
    [33mclass[39m=[32m"icon-only readable-tooltip"[39m
    [33mdata-tooltip[39m=[32m"Reload Preview"[39m
    [33mdata-tooltip-placement[39m=[32m"bottom"[39m
    [33mtitle[39m=[32m"Reload Preview"[39m
    [33mtype[39m=[32m"button"[39m
  [36m/>[39m

  Name "Comment on element":
  [36m<button[39m
    [33maria-label[39m=[32m"Comment on element"[39m
    [33maria-pressed[39m=[32m"false"[39m
    [33mclass[39m=[32m"viewer-action viewer-action-icon viewer-comment-toggle readable-tooltip"[39m
    [33mdata-testid[39m=[32m"board-mode-toggle"[39m
    [33mdata-tooltip[39m=[32m"Comment on element"[39m
    [33mdata-tooltip-placement[39m=[32m"bottom"[39m
    [33mtitle[39m=[32m"Comment on element"[39m
    [33mtype[39m=[32m"button"[39m
  [36m/>[39m

  Name "Select range":
  [36m<button[39m
    [33maria-label[39m=[32m"Select range"[39m
    [33maria-pressed[39m=[32m"false"[39m
    [33mclass[39m=[32m"viewer-action viewer-action-icon readable-tooltip"[39m
    [33mdata-testid[39m=[32m"draw-overlay-toggle"[39m
    [33mdata-tooltip[39m=[32m"Select range"[39m
    [33mdata-tooltip-placement[39m=[32m"bottom"[39m
    [33mtitle[39m=[32m"Select range"[39m
    [33mtype[39m=[32m"button"[39m
  [36m/>[39m

  Name "Edit":
  [36m<button[39m
    [33maria-label[39m=[32m"Edit"[39m
    [33maria-pressed[39m=[32m"true"[39m
    [33mclass[39m=[32m"viewer-action viewer-direct-edit readable-tooltip active"[39m
    [33mdata-testid[39m=[32m"manual-edit-mode-toggle"[39m
    [33mdata-tooltip[39m=[32m"Edit"[39m
    [33mdata-tooltip-placement[39m=[32m"bottom"[39m
    [33mtitle[39m=[32m"Edit"[39m
    [33mtype[39m=[32m"button"[39m
  [36m/>[39m

  Name "Comments (0)":
  [36m<button[39m
    [33maria-label[39m=[32m"Comments (0)"[39m
    [33maria-pressed[39m=[32m"false"[39m
    [33mclass[39m=[32m"viewer-action viewer-comment-count-trigger viewer-comment-toggle readable-tooltip"[39m
    [33mdata-testid[39m=[32m"comment-panel-toggle"[39m
    [33mdata-tooltip[39m=[32m"Comments"[39m
    [33mdata-tooltip-placement[39m=[32m"bottom"[39m
    [33mtitle[39m=[32m"Comments"[39m
    [33mtype[39m=[32m"button"[39m
  [36m/>[39m

  Name "100%":
  [36m<button[39m
    [33maria-expanded[39m=[32m"false"[39m
    [33maria-haspopup[39m=[32m"menu"[39m
    [33mclass[39m=[32m"viewer-action zoom-trigger readable-tooltip"[39m
    [33mdata-tooltip[39m=[32m"Reset zoom"[39m
    [33mdata-tooltip-placement[39m=[32m"bottom"[39m
    [33mtitle[39m=[32m"Reset zoom"[39m
    [33mtype[39m=[32m"button"[39m
  [36m/>[39m

  Name "Font size decrease":
  [36m<button[39m
    [33maria-label[39m=[32m"Font size decrease"[39m
    [33mclass[39m=[32m"_step_599c84 readable-tooltip"[39m
    [33mdata-tooltip[39m=[32m"Font size decrease"[39m
    [33mdisabled[39m=[32m""[39m
    [33mtype[39m=[32m"button"[39m
  [36m/>[39m

  Name "Font size increase":
  [36m<button[39m
    [33maria-label[39m=[32m"Font size increase"[39m
    [33mclass[39m=[32m"_step_599c84 readable-tooltip"[39m
    [33mdata-tooltip[39m=[32m"Font size increase"[39m
    [33mdisabled[39m=[32m""[39m
    [33mtype[39m=[32m"button"[39m
  [36m/>[39m

  Name "Bold":
  [36m<button[39m
    [33maria-label[39m=[32m"Bold"[39m
    [33maria-pressed[39m=[32m"false"[39m
    [33mclass[39m=[32m"_button_ee6a60 _subtle_ee6a60 subtle _icon_ee6a60 icon-btn readable-tooltip"[39m
    [33mdata-tooltip[39m=[32m"Bold"[39m
    [33mdisabled[39m=[32m""[39m
    [33mtype[39m=[32m"button"[39m
  [36m/>[39m

  Name "Italic":
  [36m<button[39m
    [33maria-label[39m=[32m"Italic"[39m
    [33maria-pressed[39m=[32m"false"[39m
    [33mclass[39m=[32m"_button_ee6a60 _subtle_ee6a60 subtle _icon_ee6a60 icon-btn readable-tooltip"[39m
    [33mdata-tooltip[39m=[32m"Italic"[39m
    [33mdisabled[39m=[32m""[39m
    [33mtype[39m=[32m"button"[39m
  [36m/>[39m

  Name "Underline":
  [36m<button[39m
    [33maria-label[39m=[32m"Underline"[39m
    [33maria-pressed[39m=[32m"false"[39m
    [33mclass[39m=[32m"_button_ee6a60 _subtle_ee6a60 subtle _icon_ee6a60 icon-btn readable-tooltip"[39m
    [33mdata-tooltip[39m=[32m"Underline"[39m
    [33mdisabled[39m=[32m""[39m
    [33mtype[39m=[32m"button"[39m
  [36m/>[39m

  Name "Text color":
  [36m<button[39m
    [33maria-expanded[39m=[32m"false"[39m
    [33maria-label[39m=[32m"Text color"[39m
    [33mclass[39m=[32m"_swatch_599c84 readable-tooltip"[39m
    [33mdata-tooltip[39m=[32m"Text color"[39m
    [33mstyle[39m=[32m"--swatch-color: transparent;"[39m
    [33mtype[39m=[32m"button"[39m
  [36m/>[39m

  Name "Align left":
  [36m<button[39m
    [33maria-label[39m=[32m"Align left"[39m
    [33maria-pressed[39m=[32m"false"[39m
    [33mclass[39m=[32m"_button_ee6a60 _subtle_ee6a60 subtle _icon_ee6a60 icon-btn readable-tooltip"[39m
    [33mdata-tooltip[39m=[32m"Align left"[39m
    [33mtype[39m=[32m"button"[39m
  [36m/>[39m

  Name "Align center":
  [36m<button[39m
    [33maria-label[39m=[32m"Align center"[39m
    [33maria-pressed[39m=[32m"false"[39m
    [33mclass[39m=[32m"_button_ee6a60 _subtle_ee6a60 subtle _icon_ee6a60 icon-btn readable-tooltip"[39m
    [33mdata-tooltip[39m=[32m"Align center"[39m
    [33mtype[39m=[32m"button"[39m
  [36m/>[39m

  Name "Align right":
  [36m<button[39m
    [33maria-label[39m=[32m"Align right"[39m
    [33maria-pressed[39m=[32m"false"[39m
    [33mclass[39m=[32m"_button_ee6a60 _subtle_ee6a60 subtle _icon_ee6a60 icon-btn readable-tooltip"[39m
    [33mdata-tooltip[39m=[32m"Align right"[39m
    [33mtype[39m=[32m"button"[39m
  [36m/>[39m

  Name "Justify":
  [36m<button[39m
    [33maria-label[39m=[32m"Justify"[39m
    [33maria-pressed[39m=[32m"false"[39m
    [33mclass[39m=[32m"_button_ee6a60 _subtle_ee6a60 subtle _icon_ee6a60 icon-btn readable-tooltip"[39m
    [33mdata-tooltip[39m=[32m"Justify"[39m
    [33mtype[39m=[32m"button"[39m
  [36m/>[39m

  Name "Line height decrease":
  [36m<button[39m
    [33maria-label[39m=[32m"Line height decrease"[39m
    [33mclass[39m=[32m"_step_599c84 readable-tooltip"[39m
    [33mdata-tooltip[39m=[32m"Line height decrease"[39m
    [33mdisabled[39m=[32m""[39m
    [33mtype[39m=[32m"button"[39m
  [36m/>[39m

  Name "Line height increase":
  [36m<button[39m
    [33maria-label[39m=[32m"Line height increase"[39m
    [33mclass[39m=[32m"_step_599c84 readable-tooltip"[39m
    [33mdata-tooltip[39m=[32m"Line height increase"[39m
    [33mdisabled[39m=[32m""[39m
    [33mtype[39m=[32m"button"[39m
  [36m/>[39m

  Name "Letter spacing decrease":
  [36m<button[39m
    [33maria-label[39m=[32m"Letter spacing decrease"[39m
    [33mclass[39m=[32m"_step_599c84 readable-tooltip"[39m
    [33mdata-tooltip[39m=[32m"Letter spacing decrease"[39m
    [33mdisabled[39m=[32m""[39m
    [33mtype[39m=[32m"button"[39m
  [36m/>[39m

  Name "Letter spacing increase":
  [36m<button[39m
    [33maria-label[39m=[32m"Letter spacing increase"[39m
    [33mclass[39m=[32m"_step_599c84 readable-tooltip"[39m
    [33mdata-tooltip[39m=[32m"Letter spacing increase"[39m
    [33mdisabled[39m=[32m""[39m
    [33mtype[39m=[32m"button"[39m
  [36m/>[39m

  Name "Undo":
  [36m<button[39m
    [33maria-label[39m=[32m"Undo"[39m
    [33mclass[39m=[32m"_button_ee6a60 _subtle_ee6a60 subtle _icon_ee6a60 icon-btn"[39m
    [33mdisabled[39m=[32m""[39m
    [33mtitle[39m=[32m"Undo"[39m
    [33mtype[39m=[32m"button"[39m
  [36m/>[39m

  Name "Redo":
  [36m<button[39m
    [33maria-label[39m=[32m"Redo"[39m
    [33mclass[39m=[32m"_button_ee6a60 _subtle_ee6a60 subtle _icon_ee6a60 icon-btn"[39m
    [33mdisabled[39m=[32m""[39m
    [33mtitle[39m=[32m"Redo"[39m
    [33mtype[39m=[32m"button"[39m
  [36m/>[39m

  Name "Fill":
  [36m<button[39m
    [33maria-expanded[39m=[32m"false"[39m
    [33maria-label[39m=[32m"Fill"[39m
    [33mclass[39m=[32m"_swatch_75e98d readable-tooltip"[39m
    [33mdata-tooltip[39m=[32m"Fill"[39m
    [33mstyle[39m=[32m"--swatch-color: transparent;"[39m
    [33mtitle[39m=[32m"Fill"[39m
    [33mtype[39m=[32m"button"[39m
  [36m/>[39m

  Name "Spacing":
  [36m<button[39m
    [33maria-expanded[39m=[32m"false"[39m
    [33maria-label[39m=[32m"Spacing"[39m
    [33mclass[39m=[32m"_button_ee6a60 _subtle_ee6a60 subtle _popoverButton_75e98d readable-tooltip"[39m
    [33mdata-tooltip[39m=[32m"Spacing"[39m
    [33mtype[39m=[32m"button"[39m
  [36m/>[39m

  Name "Border":
  [36m<button[39m
    [33maria-expanded[39m=[32m"false"[39m
    [33maria-label[39m=[32m"Border"[39m
    [33mclass[39m=[32m"_button_ee6a60 _subtle_ee6a60 subtle _popoverButton_75e98d readable-tooltip"[39m
    [33mdata-tooltip[39m=[32m"Border"[39m
    [33mtype[39m=[32m"button"[39m
  [36m/>[39m

  Name "More":
  [36m<button[39m
    [33maria-expanded[39m=[32m"false"[39m
    [33maria-label[39m=[32m"More"[39m
    [33mclass[39m=[32m"_button_ee6a60 _subtle_ee6a60 subtle _popoverButton_75e98d readable-tooltip"[39m
    [33mdata-tooltip[39m=[32m"More"[39m
    [33mtype[39m=[32m"button"[39m
  [36m/>[39m

  Name "Present":
  [36m<button[39m
    [33maria-expanded[39m=[32m"false"[39m
    [33maria-haspopup[39m=[32m"menu"[39m
    [33maria-label[39m=[32m"Present"[39m
    [33mclass[39m=[32m"chrome-action chrome-action-secondary chrome-action-icon present-trigger readable-tooltip"[39m
    [33mdata-tooltip[39m=[32m"Present"[39m
    [33mdata-tooltip-placement[39m=[32m"bottom"[39m
    [33mtitle[39m=[32m"Present"[39m
  [36m/>[39m

  Name "Share":
  [36m<button[39m
    [33maria-expanded[39m=[32m"false"[39m
    [33maria-haspopup[39m=[32m"menu"[39m
    [33maria-label[39m=[32m"Share"[39m
    [33mclass[39m=[32m"chrome-action chrome-action-secondary chrome-action-with-label chrome-action-text-only"[39m
    [33mtype[39m=[32m"button"[39m
  [36m/>[39m

  Name "Download":
  [36m<button[39m
    [33maria-expanded[39m=[32m"false"[39m
    [33maria-haspopup[39m=[32m"menu"[39m
    [33mclass[39m=[32m"chrome-action chrome-action-primary chrome-action-export"[39m
    [33mtype[39m=[32m"button"[39m
  [36m/>[39m

  Name "Resize top-left corner":
  [36m<button[39m
    [33maria-label[39m=[32m"Resize top-left corner"[39m
    [33mclass[39m=[32m"_handle_a82496 _handle-nw_a82496 "[39m
    [33mdata-direction[39m=[32m"nw"[39m
    [33mstyle[39m=[32m"left: 0px; top: 0px;"[39m
    [33mtabindex[39m=[32m"-1"[39m
    [33mtype[39m=[32m"button"[39m
  [36m/>[39m

  Name "Resize top edge":
  [36m<button[39m
    [33maria-label[39m=[32m"Resize top edge"[39m
    [33mclass[39m=[32m"_handle_a82496 _handle-n_a82496 "[39m
    [33mdata-direction[39m=[32m"n"[39m
    [33mstyle[39m=[32m"left: 10px; top: 0px;"[39m
    [33mtabindex[39m=[32m"-1"[39m
    [33mtype[39m=[32m"button"[39m
  [36m/>[39m

  Name "Resize top-right corner":
  [36m<button[39m
    [33maria-label[39m=[32m"Resize top-right corner"[39m
    [33mclass[39m=[32m"_handle_a82496 _handle-ne_a82496 "[39m
    [33mdata-direction[39m=[32m"ne"[39m
    [33mstyle[39m=[32m"left: 20px; top: 0px;"[39m
    [33mtabindex[39m=[32m"-1"[39m
    [33mtype[39m=[32m"button"[39m
  [36m/>[39m

  Name "Resize right edge":
  [36m<button[39m
    [33maria-label[39m=[32m"Resize right edge"[39m
    [33mclass[39m=[32m"_handle_a82496 _handle-e_a82496 "[39m
    [33mdata-direction[39m=[32m"e"[39m
    [33mstyle[39m=[32m"left: 20px; top: 10px;"[39m
    [33mtabindex[39m=[32m"-1"[39m
    [33mtype[39m=[32m"button"[39m
  [36m/>[39m

  Name "Resize bottom-right corner":
  [36m<button[39m
    [33maria-label[39m=[32m"Resize bottom-right corner"[39m
    [33mclass[39m=[32m"_handle_a82496 _handle-se_a82496 "[39m
    [33mdata-direction[39m=[32m"se"[39m
    [33mstyle[39m=[32m"left: 20px; top: 20px;"[39m
    [33mtabindex[39m=[32m"-1"[39m
    [33mtype[39m=[32m"button"[39m
  [36m/>[39m

  Name "Resize bottom edge":
  [36m<button[39m
    [33maria-label[39m=[32m"Resize bottom edge"[39m
    [33mclass[39m=[32m"_handle_a82496 _handle-s_a82496 "[39m
    [33mdata-direction[39m=[32m"s"[39m
    [33mstyle[39m=[32m"left: 10px; top: 20px;"[39m
    [33mtabindex[39m=[32m"-1"[39m
    [33mtype[39m=[32m"button"[39m
  [36m/>[39m

  Name "Resize bottom-left corner":
  [36m<button[39m
    [33maria-label[39m=[32m"Resize bottom-left corner"[39m
    [33mclass[39m=[32m"_handle_a82496 _handle-sw_a82496 "[39m
    [33mdata-direction[39m=[32m"sw"[39m
    [33mstyle[39m=[32m"left: 0px; top: 20px;"[39m
    [33mtabindex[39m=[32m"-1"[39m
    [33mtype[39m=[32m"button"[39m
  [36m/>[39m

  Name "Resize left edge":
  [36m<button[39m
    [33maria-label[39m=[32m"Resize left edge"[39m
    [33mclass[39m=[32m"_handle_a82496 _handle-w_a82496 "[39m
    [33mdata-direction[39m=[32m"w"[39m
    [33mstyle[39m=[32m"left: 0px; top: 10px;"[39m
    [33mtabindex[39m=[32m"-1"[39m
    [33mtype[39m=[32m"button"[39m
  [36m/>[39m

  --------------------------------------------------
  tablist:

  Name "View mode":
  [36m<div[39m
    [33maria-label[39m=[32m"View mode"[39m
    [33mclass[39m=[32m"viewer-tabs"[39m
    [33mrole[39m=[32m"tablist"[39m
  [36m/>[39m

  --------------------------------------------------
  tab:

  Name "Preview":
  [36m<button[39m
    [33maria-selected[39m=[32m"true"[39m
    [33mclass[39m=[32m"viewer-tab active"[39m
    [33mrole[39m=[32m"tab"[39m
    [33mtype[39m=[32m"button"[39m
  [36m/>[39m

  Name "Code":
  [36m<button[39m
    [33maria-selected[39m=[32m"false"[39m
    [33mclass[39m=[32m"viewer-tab "[39m
    [33mrole[39m=[32m"tab"[39m
    [33mtype[39m=[32m"button"[39m
  [36m/>[39m

  --------------------------------------------------
  toolbar:

  Name "Preview tools":
  [36m<div[39m
    [33maria-label[39m=[32m"Preview tools"[39m
    [33mclass[39m=[32m"viewer-tool-rail"[39m
    [33mrole[39m=[32m"toolbar"[39m
  [36m/>[39m

  --------------------------------------------------
  group:

  Name "Send to LLM":
  [36m<div[39m
    [33maria-label[39m=[32m"Send to LLM"[39m
    [33mclass[39m=[32m"viewer-tool-group viewer-tool-group-llm"[39m
    [33mrole[39m=[32m"group"[39m
  [36m/>[39m

  Name "Direct edit":
  [36m<div[39m
    [33maria-label[39m=[32m"Direct edit"[39m
    [33mclass[39m=[32m"viewer-tool-group viewer-tool-group-direct"[39m
    [33mrole[39m=[32m"group"[39m
  [36m/>[39m

  Name "Move element":
  [36m<div[39m
    [33maria-label[39m=[32m"Move element"[39m
    [33mclass[39m=[32m"_container_46ff88 _editing_46ff88"[39m
    [33mdata-readable-edit-primary-surface[39m=[32m"true"[39m
    [33mdata-readable-edit-selected-surface[39m=[32m"true"[39m
    [33mrole[39m=[32m"group"[39m
    [33mstyle[39m=[32m"left: 0px; top: 0px; width: 0px; height: 0px;"[39m
    [33mtabindex[39m=[32m"-1"[39m
  [36m/>[39m

  Name "Resize element":
  [36m<div[39m
    [33maria-label[39m=[32m"Resize element"[39m
    [33mclass[39m=[32m"_container_a82496"[39m
    [33mdata-readable-edit-selected-surface[39m=[32m"true"[39m
    [33mrole[39m=[32m"group"[39m
    [33mstyle[39m=[32m"left: 0px; top: 0px; width: 0px; height: 0px;"[39m
    [33mtabindex[39m=[32m"-1"[39m
  [36m/>[39m

  --------------------------------------------------
  combobox:

  Name "Font":
  [36m<input[39m
    [33maria-autocomplete[39m=[32m"list"[39m
    [33maria-controls[39m=[32m":r49:"[39m
    [33maria-expanded[39m=[32m"false"[39m
    [33maria-label[39m=[32m"Font"[39m
    [33mclass[39m=[32m"_fontInput_599c84"[39m
    [33mdata-tooltip[39m=[32m"Font"[39m
    [33mrole[39m=[32m"combobox"[39m
    [33mvalue[39m=[32m""[39m
  [36m/>[39m

  Name "Weight":
  [36m<select[39m
    [33maria-label[39m=[32m"Weight"[39m
    [33mclass[39m=[32m"_select_599c84"[39m
    [33mdata-tooltip[39m=[32m"Weight"[39m
  [36m/>[39m

  --------------------------------------------------
  textbox:

  Name "Font size":
  [36m<input[39m
    [33maria-label[39m=[32m"Font size"[39m
    [33mclass[39m=[32m"_stepInput_599c84"[39m
    [33minputmode[39m=[32m"decimal"[39m
    [33mvalue[39m=[32m""[39m
  [36m/>[39m

  Name "Line height":
  [36m<input[39m
    [33maria-label[39m=[32m"Line height"[39m
    [33mclass[39m=[32m"_stepInput_599c84"[39m
    [33minputmode[39m=[32m"decimal"[39m
    [33mvalue[39m=[32m""[39m
  [36m/>[39m

  Name "Letter spacing":
  [36m<input[39m
    [33maria-label[39m=[32m"Letter spacing"[39m
    [33mclass[39m=[32m"_stepInput_599c84"[39m
    [33minputmode[39m=[32m"decimal"[39m
    [33mvalue[39m=[32m""[39m
  [36m/>[39m

  Name "Width":
  [36m<input[39m
    [33maria-label[39m=[32m"Width"[39m
    [33minputmode[39m=[32m"decimal"[39m
    [33mvalue[39m=[32m""[39m
  [36m/>[39m

  Name "Height":
  [36m<input[39m
    [33maria-label[39m=[32m"Height"[39m
    [33minputmode[39m=[32m"decimal"[39m
    [33mvalue[39m=[32m""[39m
  [36m/>[39m

  Name "Radius":
  [36m<input[39m
    [33maria-label[39m=[32m"Radius"[39m
    [33minputmode[39m=[32m"decimal"[39m
    [33mvalue[39m=[32m""[39m
  [36m/>[39m

  Name "Opacity":
  [36m<input[39m
    [33maria-label[39m=[32m"Opacity"[39m
    [33minputmode[39m=[32m"decimal"[39m
    [33mvalue[39m=[32m""[39m
  [36m/>[39m

  --------------------------------------------------
  option:

  Name "–":
  [36m<option[39m
    [33mvalue[39m=[32m""[39m
  [36m/>[39m

  Name "100":
  [36m<option[39m
    [33mvalue[39m=[32m"100"[39m
  [36m/>[39m

  Name "200":
  [36m<option[39m
    [33mvalue[39m=[32m"200"[39m
  [36m/>[39m

  Name "300":
  [36m<option[39m
    [33mvalue[39m=[32m"300"[39m
  [36m/>[39m

  Name "400":
  [36m<option[39m
    [33mvalue[39m=[32m"400"[39m
  [36m/>[39m

  Name "500":
  [36m<option[39m
    [33mvalue[39m=[32m"500"[39m
  [36m/>[39m

  Name "600":
  [36m<option[39m
    [33mvalue[39m=[32m"600"[39m
  [36m/>[39m

  Name "700":
  [36m<option[39m
    [33mvalue[39m=[32m"700"[39m
  [36m/>[39m

  Name "800":
  [36m<option[39m
    [33mvalue[39m=[32m"800"[39m
  [36m/>[39m

  Name "900":
  [36m<option[39m
    [33mvalue[39m=[32m"900"[39m
  [36m/>[39m

  --------------------------------------------------
  emphasis:

  Name "":
  [36m<em />[39m

  Name "":
  [36m<em />[39m

  Name "":
  [36m<em />[39m

  --------------------------------------------------

Ignored nodes: comments, script, style
[36m<body>[39m
  [36m<div>[39m
    [36m<div[39m
      [33mclass[39m=[32m"viewer html-viewer"[39m
    [36m>[39m
      [36m<div[39m
        [33mclass[39m=[32m"viewer-toolbar"[39m
      [36m>[39m
        [36m<div[39m
          [33mclass[39m=[32m"viewer-toolbar-left"[39m
        [36m>[39m
          [36m<button[39m
            [33maria-label[39m=[32m"Reload Preview"[39m
            [33mclass[39m=[32m"icon-only readable-tooltip"[39m
            [33mdata-tooltip[39m=[32m"Reload Preview"[39m
            [33mdata-tooltip-placement[39m=[32m"bottom"[39m
            [33mtitle[39m=[32m"Reload Preview"[39m
            [33mtype[39m=[32m"button"[39m
          [36m>[39m
            [36m<svg[39m
              [33maria-hidden[39m=[32m"true"[39m
              [33mfill[39m=[32m"none"[39m
              [33mfocusable[39m=[32m"false"[39m
              [33mheight[39m=[32m"14"[39m
              [33mstroke[39m=[32m"currentColor"[39m
              [33mstroke-linecap[39m=[32m"round"[39m
              [33mstroke-linejoin[39m=[32m"round"[39m
              [33mstroke-width[39m=[32m"1.6"[39m
              [33mviewBox[39m=[32m"0 0 24 24"[39m
              [33mwidth[39m=[32m"14"[39m
            [36m>[39m
              [36m<path[39m
                [33md[39m=[32m"M21 12a9 9 0 1 1-3-6.7"[39m
              [36m/>[39m
              [36m<path[39m
                [33md[39m=[32m"M21 4v5h-5"[39m
              [36m/>[39m
            [36m</svg>[39m
          [36m</button>[39m
          [36m<div[39m
            [33maria-label[39m=[32m"View mode"[39m
            [33mclass[39m=[32m"viewer-tabs"[39m
            [33mrole[39m=[32m"tablist"[39m
          [36m>[39m
            [36m<button[39m
              [33maria-selected[39m=[32m"true"[39m
              [33mclass[39m=[32m"viewer-tab active"[39m
              [33mrole[39m=[32m"tab"[39m
              [33mtype[39m=[32m"button"[39m
            [36m>[39m
              [0mPreview[0m
            [36m</button>[39m
            [36m<button[39m
              [33maria-selected[39m=[32m"false"[39m
              [33mclass[39m=[32m"viewer-tab "[39m
              [33mrole[39m=[32m"tab"[39m
              [33mtype[39m=[32m"button"[39m
            [36m>[39m
              [0mCode[0m
            [36m</button>[39m
          [36m</div>[39m
        [36m</div>[39m
        [36m<div[39m
          [33maria-label[39m=[32m"Preview tools"[39m
          [33mclass[39m=[32m"viewer-tool-rail"[39m
          [33mrole[39m=[32m"toolbar"[39m
        [36m>[39m
          [36m<div[39m
            [33maria-label[39m=[32m"Send to LLM"[39m
            [33mclass[39m=[32m"viewer-tool-group viewer-tool-group-llm"[39m
            [33mrole[39m=[32m"group"[39m
          [36m>[39m
            [36m<span[39m
              [33mclass[39m=[32m"viewer-tool-group-label"[39m
            [36m>[39m
              [0mSend to LLM[0m
            [36m</span>[39m
            [36m<div[39m
              [33mclass[39m=[32m"artifact-tool-menu-anchor"[39m
            [36m>[39m
              [36m<button[39m
                [33maria-label[39m=[32m"Comment on element"[39m
                [33maria-pressed[39m=[32m"false"[39m
                [33mclass[39m=[32m"viewer-action viewer-action-icon viewer-comment-toggle readable-tooltip"[39m
                [33mdata-testid[39m=[32m"board-mode-toggle"[39m
                [33mdata-tooltip[39m=[32m"Comment on element"[39m
                [33mdata-tooltip-placement[39m=[32m"bottom"[39m
                [33mtitle[39m=[32m"Comment on element"[39m
                [33mtype[39m=[32m"button"[39m
              [36m>[39m
                [36m<i[39m
                  [33maria-hidden[39m=[32m"true"[39m
                  [33mclass[39m=[32m"ri-chat-new-line"[39m
                  [33mstyle[39m=[32m"font-size: 15px; line-height: 1; width: 15px; height: 15px; display: inline-flex; align-items: center; justify-content: center;"[39m
                [36m/>[39m
              [36m</button>[39m
            [36m</div>[39m
            [36m<button[39m
              [33maria-label[39m=[32m"Select range"[39m
              [33maria-pressed[39m=[32m"false"[39m
              [33mclass[39m=[32m"viewer-action viewer-action-icon readable-tooltip"[39m
              [33mdata-testid[39m=[32m"draw-overlay-toggle"[39m
              [33mdata-tooltip[39m=[32m"Select range"[39m
              [33mdata-tooltip-placement[39m=[32m"bottom"[39m
              [33mtitle[39m=[32m"Select range"[39m
              [33mtype[39m=[32m"button"[39m
            [36m>[39m
              [36m<i[39m
                [33maria-hidden[39m=[32m"true"[39m
                [33mclass[39m=[32m"ri-mark-pen-line"[39m
                [33mstyle[39m=[32m"font-size: 15px; line-height: 1; width: 15px; height: 15px; display: inline-flex; align-items: center; justify-content: center;"[39m
              [36m/>[39m
            [36m</button>[39m
          [36m</div>[39m
          [36m<span[39m
            [33maria-hidden[39m=[32m"true"[39m
            [33mclass[39m=[32m"viewer-tool-divider"[39m
          [36m/>[39m
          [36m<div[39m
            [33maria-label[39m=[32m"Direct edit"[39m
            [33mclass[39m=[32m"viewer-tool-group viewer-tool-group-direct"[39m
            [33mrole[39m=[32m"group"[39m
          [36m>[39m
            [36m<button[39m
              [33maria-label[39m=[32m"Edit"[39m
              [33maria-pressed[39m=[32m"true"[39m
              [33mclass[39m=[32m"viewer-action viewer-direct-edit readable-tooltip active"[39m
              [33mdata-testid[39m=[32m"manual-edit-mode-toggle"[39m
              [33mdata-tooltip[39m=[32m"Edit"[39m
              [33mdata-tooltip-placement[39m=[32m"bottom"[39m
              [33mtitle[39m=[32m"Edit"[39m
              [33mtype[39m=[32m"button"[39m
            [36m>[39m
              [36m<i[39m
                [33maria-hidden[39m=[32m"true"[39m
                [33mclass[39m=[32m"ri-edit-line"[39m
                [33mstyle[39m=[32m"font-size: 15px; line-height: 1; width: 15px; height: 15px; display: inline-flex; align-items: center; justify-content: center;"[39m
              [36m/>[39m
              [36m<span[39m
                [33mclass[39m=[32m"viewer-direct-edit-label"[39m
              [36m>[39m
                [0mDirect edit[0m
              [36m</span>[39m
            [36m</button>[39m
          [36m</div>[39m
        [36m</div>[39m
        [36m<div[39m
          [33mclass[39m=[32m"viewer-toolbar-utilities"[39m
        [36m>[39m
          [36m<button[39m
            [33maria-label[39m=[32m"Comments (0)"[39m
            [33maria-pressed[39m=[32m"false"[39m
         ...
 ❯ Object.getElementError ../../node_modules/.pnpm/@testing-library+dom@10.4.1/node_modules/@testing-library/dom/dist/config.js:37:19
 ❯ ../../node_modules/.pnpm/@testing-library+dom@10.4.1/node_modules/@testing-library/dom/dist/query-helpers.js:76:38
 ❯ ../../node_modules/.pnpm/@testing-library+dom@10.4.1/node_modules/@testing-library/dom/dist/query-helpers.js:52:17
 ❯ ../../node_modules/.pnpm/@testing-library+dom@10.4.1/node_modules/@testing-library/dom/dist/query-helpers.js:95:19
 ❯ tests/components/FileViewer.manual-edit-save-flush.test.tsx:224:52
    222|     else el.dispatchEvent(new harness.dom.window.KeyboardEvent('keydow…
    223|     expect(el.hasAttribute('contenteditable')).toBe(false);
    224|     await act(async () => { fireEvent.click(screen.getByRole('button',…
       |                                                    ^
    225|     expect(harness.writes).toHaveLength(0);
    226|     await harness.drain();
 ❯ ../../node_modules/.pnpm/@testing-library+react@16.3_8105afb30b3aed617b9ca863f1e5e96d/node_modules/@testing-library/react/dist/act-compat.js:47:24
 ❯ act ../../node_modules/.pnpm/react@18.3.1/node_modules/react/cjs/react.development.js:2512:16
 ❯ ../../node_modules/.pnpm/@testing-library+react@16.3_8105afb30b3aed617b9ca863f1e5e96d/node_modules/@testing-library/react/dist/act-compat.js:46:25
 ❯ tests/components/FileViewer.manual-edit-save-flush.test.tsx:224:11

⎯⎯⎯⎯⎯⎯⎯⎯⎯⎯⎯⎯⎯⎯⎯⎯⎯⎯⎯⎯⎯⎯[24/66]⎯

 FAIL  tests/components/FileViewer.manual-edit.test.tsx > FileViewer manual edit regressions > keeps manual edit mode active when saving through the edit toggle conflicts
Error: Test timed out in 5000ms.
If this is a long-running test, pass a timeout value as the last argument or configure it globally with "testTimeout".
 ❯ tests/components/FileViewer.manual-edit.test.tsx:478:3
    476|   });
    477|
    478|   it('keeps manual edit mode active when saving through the edit toggl…
       |   ^
    479|     const source = '<!doctype html><html><body><main data-readable-id=…
    480|     let resolveRequested!: () => void;

⎯⎯⎯⎯⎯⎯⎯⎯⎯⎯⎯⎯⎯⎯⎯⎯⎯⎯⎯⎯⎯⎯[25/66]⎯

 FAIL  tests/components/FileViewer.manual-edit.test.tsx > FileViewer manual edit regressions > keeps a text target selected when a background click occurs while dirty
TestingLibraryElementError: Unable to find an element by: [data-testid="manual-edit-mode-toggle"]

Ignored nodes: comments, script, style
[36m<body>[39m
  [36m<div />[39m
[36m</body>[39m
 ❯ Object.getElementError ../../node_modules/.pnpm/@testing-library+dom@10.4.1/node_modules/@testing-library/dom/dist/config.js:37:19
 ❯ ../../node_modules/.pnpm/@testing-library+dom@10.4.1/node_modules/@testing-library/dom/dist/query-helpers.js:76:38
 ❯ ../../node_modules/.pnpm/@testing-library+dom@10.4.1/node_modules/@testing-library/dom/dist/query-helpers.js:52:17
 ❯ ../../node_modules/.pnpm/@testing-library+dom@10.4.1/node_modules/@testing-library/dom/dist/query-helpers.js:95:19
 ❯ clickManualTool tests/components/FileViewer.manual-edit.test.tsx:24:28
     22| describe('FileViewer manual edit regressions', () => {
     23|   function clickManualTool(testId: string) {
     24|     fireEvent.click(screen.getByTestId(testId));
       |                            ^
     25|   }
     26|
 ❯ tests/components/FileViewer.manual-edit.test.tsx:510:5

⎯⎯⎯⎯⎯⎯⎯⎯⎯⎯⎯⎯⎯⎯⎯⎯⎯⎯⎯⎯⎯⎯[26/66]⎯

 FAIL  tests/components/FileViewer.manual-edit.test.tsx > FileViewer manual edit regressions > does not let a pending manual edit style save survive a file switch
TestingLibraryElementError: Unable to find an element by: [data-testid="manual-edit-mode-toggle"]

Ignored nodes: comments, script, style
[36m<body>[39m
  [36m<div />[39m
[36m</body>[39m
 ❯ Object.getElementError ../../node_modules/.pnpm/@testing-library+dom@10.4.1/node_modules/@testing-library/dom/dist/config.js:37:19
 ❯ ../../node_modules/.pnpm/@testing-library+dom@10.4.1/node_modules/@testing-library/dom/dist/query-helpers.js:76:38
 ❯ ../../node_modules/.pnpm/@testing-library+dom@10.4.1/node_modules/@testing-library/dom/dist/query-helpers.js:52:17
 ❯ ../../node_modules/.pnpm/@testing-library+dom@10.4.1/node_modules/@testing-library/dom/dist/query-helpers.js:95:19
 ❯ tests/components/FileViewer.manual-edit.test.tsx:542:28
    540|     );
    541|
    542|     fireEvent.click(screen.getByTestId('manual-edit-mode-toggle'));
       |                            ^
    543|     await selectManualEditTarget();
    544|     const baseSizeInput = await findStyleInput('Width');

⎯⎯⎯⎯⎯⎯⎯⎯⎯⎯⎯⎯⎯⎯⎯⎯⎯⎯⎯⎯⎯⎯[27/66]⎯

 FAIL  tests/components/FileViewer.manual-edit.test.tsx > FileViewer manual edit regressions > clears loaded source immediately on file switch without liveHtml before manual edit can save
AssertionError: expected "vi.fn()" to be called with arguments: [ StringMatching{…}, {} ]

Number of calls: 0


Ignored nodes: comments, script, style
[36m<html>[39m
  [36m<head />[39m
  [36m<body>[39m
    [36m<div />[39m
  [36m</body>[39m
[36m</html>[39m
 ❯ tests/components/FileViewer.manual-edit.test.tsx:583:45
    581|       // The raw fetch is cache-busted on every mtime / reload / files…
    582|       // bump so srcDoc-mode previews see fresh HTML after agent edits.
    583|       await waitFor(() => expect(fetchMock).toHaveBeenCalledWith(
       |                                             ^
    584|         expect.stringMatching(/^\/api\/projects\/project-1\/raw\/previ…
    585|         {},
 ❯ runWithExpensiveErrorDiagnosticsDisabled ../../node_modules/.pnpm/@testing-library+dom@10.4.1/node_modules/@testing-library/dom/dist/config.js:47:12
 ❯ checkCallback ../../node_modules/.pnpm/@testing-library+dom@10.4.1/node_modules/@testing-library/dom/dist/wait-for.js:124:77
 ❯ Timeout.checkRealTimersCallback ../../node_modules/.pnpm/@testing-library+dom@10.4.1/node_modules/@testing-library/dom/dist/wait-for.js:118:16

⎯⎯⎯⎯⎯⎯⎯⎯⎯⎯⎯⎯⎯⎯⎯⎯⎯⎯⎯⎯⎯⎯[28/66]⎯

 FAIL  tests/components/FileViewer.manual-edit.test.tsx > FileViewer manual edit regressions > clears a prior manual edit save error after a later explicit save succeeds
TestingLibraryElementError: Unable to find an element by: [data-testid="manual-edit-mode-toggle"]

Ignored nodes: comments, script, style
[36m<body>[39m
  [36m<div[39m
    [33mid[39m=[32m"manual-edit-test-host"[39m
  [36m/>[39m
  [36m<div />[39m
[36m</body>[39m
 ❯ Object.getElementError ../../node_modules/.pnpm/@testing-library+dom@10.4.1/node_modules/@testing-library/dom/dist/config.js:37:19
 ❯ ../../node_modules/.pnpm/@testing-library+dom@10.4.1/node_modules/@testing-library/dom/dist/query-helpers.js:76:38
 ❯ ../../node_modules/.pnpm/@testing-library+dom@10.4.1/node_modules/@testing-library/dom/dist/query-helpers.js:52:17
 ❯ ../../node_modules/.pnpm/@testing-library+dom@10.4.1/node_modules/@testing-library/dom/dist/query-helpers.js:95:19
 ❯ clickManualTool tests/components/FileViewer.manual-edit.test.tsx:24:28
     22| describe('FileViewer manual edit regressions', () => {
     23|   function clickManualTool(testId: string) {
     24|     fireEvent.click(screen.getByTestId(testId));
       |                            ^
     25|   }
     26|
 ❯ tests/components/FileViewer.manual-edit.test.tsx:626:5

⎯⎯⎯⎯⎯⎯⎯⎯⎯⎯⎯⎯⎯⎯⎯⎯⎯⎯⎯⎯⎯⎯[29/66]⎯

 FAIL  tests/components/FileViewer.manual-edit.test.tsx > FileViewer manual edit regressions > retries the actual save only when explicit Save is requested again after a failure
TestingLibraryElementError: Unable to find an element by: [data-testid="manual-edit-mode-toggle"]

Ignored nodes: comments, script, style
[36m<body>[39m
  [36m<div[39m
    [33mid[39m=[32m"manual-edit-test-host"[39m
  [36m/>[39m
  [36m<div />[39m
[36m</body>[39m
 ❯ Object.getElementError ../../node_modules/.pnpm/@testing-library+dom@10.4.1/node_modules/@testing-library/dom/dist/config.js:37:19
 ❯ ../../node_modules/.pnpm/@testing-library+dom@10.4.1/node_modules/@testing-library/dom/dist/query-helpers.js:76:38
 ❯ ../../node_modules/.pnpm/@testing-library+dom@10.4.1/node_modules/@testing-library/dom/dist/query-helpers.js:52:17
 ❯ ../../node_modules/.pnpm/@testing-library+dom@10.4.1/node_modules/@testing-library/dom/dist/query-helpers.js:95:19
 ❯ clickManualTool tests/components/FileViewer.manual-edit.test.tsx:24:28
     22| describe('FileViewer manual edit regressions', () => {
     23|   function clickManualTool(testId: string) {
     24|     fireEvent.click(screen.getByTestId(testId));
       |                            ^
     25|   }
     26|
 ❯ tests/components/FileViewer.manual-edit.test.tsx:657:5

⎯⎯⎯⎯⎯⎯⎯⎯⎯⎯⎯⎯⎯⎯⎯⎯⎯⎯⎯⎯⎯⎯[30/66]⎯

 FAIL  tests/components/FileViewer.manual-edit.test.tsx > FileViewer manual edit regressions > surfaces a preview-style-applied failure from the iframe as a manual edit error
TestingLibraryElementError: Unable to find an element by: [data-testid="manual-edit-mode-toggle"]

Ignored nodes: comments, script, style
[36m<body>[39m
  [36m<div />[39m
[36m</body>[39m
 ❯ Object.getElementError ../../node_modules/.pnpm/@testing-library+dom@10.4.1/node_modules/@testing-library/dom/dist/config.js:37:19
 ❯ ../../node_modules/.pnpm/@testing-library+dom@10.4.1/node_modules/@testing-library/dom/dist/query-helpers.js:76:38
 ❯ ../../node_modules/.pnpm/@testing-library+dom@10.4.1/node_modules/@testing-library/dom/dist/query-helpers.js:52:17
 ❯ ../../node_modules/.pnpm/@testing-library+dom@10.4.1/node_modules/@testing-library/dom/dist/query-helpers.js:95:19
 ❯ clickManualTool tests/components/FileViewer.manual-edit.test.tsx:24:28
     22| describe('FileViewer manual edit regressions', () => {
     23|   function clickManualTool(testId: string) {
     24|     fireEvent.click(screen.getByTestId(testId));
       |                            ^
     25|   }
     26|
 ❯ tests/components/FileViewer.manual-edit.test.tsx:682:5

⎯⎯⎯⎯⎯⎯⎯⎯⎯⎯⎯⎯⎯⎯⎯⎯⎯⎯⎯⎯⎯⎯[31/66]⎯

 FAIL  tests/components/FileViewer.manual-edit.test.tsx > FileViewer manual edit regressions > keeps page styles open when selecting a target while page edits are dirty
TestingLibraryElementError: Unable to find an element by: [data-testid="manual-edit-mode-toggle"]

Ignored nodes: comments, script, style
[36m<body>[39m
  [36m<div />[39m
[36m</body>[39m
 ❯ Object.getElementError ../../node_modules/.pnpm/@testing-library+dom@10.4.1/node_modules/@testing-library/dom/dist/config.js:37:19
 ❯ ../../node_modules/.pnpm/@testing-library+dom@10.4.1/node_modules/@testing-library/dom/dist/query-helpers.js:76:38
 ❯ ../../node_modules/.pnpm/@testing-library+dom@10.4.1/node_modules/@testing-library/dom/dist/query-helpers.js:52:17
 ❯ ../../node_modules/.pnpm/@testing-library+dom@10.4.1/node_modules/@testing-library/dom/dist/query-helpers.js:95:19
 ❯ clickManualTool tests/components/FileViewer.manual-edit.test.tsx:24:28
     22| describe('FileViewer manual edit regressions', () => {
     23|   function clickManualTool(testId: string) {
     24|     fireEvent.click(screen.getByTestId(testId));
       |                            ^
     25|   }
     26|
 ❯ tests/components/FileViewer.manual-edit.test.tsx:712:5

⎯⎯⎯⎯⎯⎯⎯⎯⎯⎯⎯⎯⎯⎯⎯⎯⎯⎯⎯⎯⎯⎯[32/66]⎯

 FAIL  tests/components/FileViewer.manual-edit.test.tsx > FileViewer manual edit regressions > closes the page-styles card without saving on cancel, staying in edit mode
TestingLibraryElementError: Unable to find an element by: [data-testid="manual-edit-mode-toggle"]

Ignored nodes: comments, script, style
[36m<body>[39m
  [36m<div />[39m
[36m</body>[39m
 ❯ Object.getElementError ../../node_modules/.pnpm/@testing-library+dom@10.4.1/node_modules/@testing-library/dom/dist/config.js:37:19
 ❯ ../../node_modules/.pnpm/@testing-library+dom@10.4.1/node_modules/@testing-library/dom/dist/query-helpers.js:76:38
 ❯ ../../node_modules/.pnpm/@testing-library+dom@10.4.1/node_modules/@testing-library/dom/dist/query-helpers.js:52:17
 ❯ ../../node_modules/.pnpm/@testing-library+dom@10.4.1/node_modules/@testing-library/dom/dist/query-helpers.js:95:19
 ❯ clickManualTool tests/components/FileViewer.manual-edit.test.tsx:24:28
     22| describe('FileViewer manual edit regressions', () => {
     23|   function clickManualTool(testId: string) {
     24|     fireEvent.click(screen.getByTestId(testId));
       |                            ^
     25|   }
     26|
 ❯ tests/components/FileViewer.manual-edit.test.tsx:742:5

⎯⎯⎯⎯⎯⎯⎯⎯⎯⎯⎯⎯⎯⎯⎯⎯⎯⎯⎯⎯⎯⎯[33/66]⎯

 FAIL  tests/components/FileViewer.manual-edit.test.tsx > FileViewer manual edit regressions > applies page styles to the transaction and closes the card without persisting
TestingLibraryElementError: Unable to find an element by: [data-testid="manual-edit-mode-toggle"]

Ignored nodes: comments, script, style
[36m<body>[39m
  [36m<div />[39m
[36m</body>[39m
 ❯ Object.getElementError ../../node_modules/.pnpm/@testing-library+dom@10.4.1/node_modules/@testing-library/dom/dist/config.js:37:19
 ❯ ../../node_modules/.pnpm/@testing-library+dom@10.4.1/node_modules/@testing-library/dom/dist/query-helpers.js:76:38
 ❯ ../../node_modules/.pnpm/@testing-library+dom@10.4.1/node_modules/@testing-library/dom/dist/query-helpers.js:52:17
 ❯ ../../node_modules/.pnpm/@testing-library+dom@10.4.1/node_modules/@testing-library/dom/dist/query-helpers.js:95:19
 ❯ clickManualTool tests/components/FileViewer.manual-edit.test.tsx:24:28
     22| describe('FileViewer manual edit regressions', () => {
     23|   function clickManualTool(testId: string) {
     24|     fireEvent.click(screen.getByTestId(testId));
       |                            ^
     25|   }
     26|
 ❯ tests/components/FileViewer.manual-edit.test.tsx:762:5

⎯⎯⎯⎯⎯⎯⎯⎯⎯⎯⎯⎯⎯⎯⎯⎯⎯⎯⎯⎯⎯⎯[34/66]⎯

 FAIL  tests/components/ProjectView.queued-question-roundtrip.test.tsx > queued question answer lifecycle > keeps the inline card queued until application is accepted by the daemon
 FAIL  tests/components/ProjectView.queued-question-roundtrip.test.tsx > queued question answer lifecycle > keeps the inline card queued until application is failed by the daemon
 FAIL  tests/components/ProjectView.queued-question-roundtrip.test.tsx > queued question answer lifecycle > persists standard typed answers exactly once before accepting the send (saved)
 FAIL  tests/components/ProjectView.queued-question-roundtrip.test.tsx > queued question answer lifecycle > persists standard typed answers exactly once before accepting the send (failed)
 FAIL  tests/components/ProjectView.queued-question-roundtrip.test.tsx > queued question answer lifecycle > persists rapid repeated Questions corrections atomically without losing earlier prompt metadata
 FAIL  tests/components/ProjectView.queued-question-roundtrip.test.tsx > queued question answer lifecycle > holds editable answers through failed hydration and local idle recovery
 FAIL  tests/components/ProjectView.queued-question-roundtrip.test.tsx > queued question answer lifecycle > holds editable answers through failed hydration and local active recovery
 FAIL  tests/components/ProjectView.queued-question-roundtrip.test.tsx > queued question answer lifecycle > holds editable answers through failed hydration and local retry-failure recovery
 FAIL  tests/components/ProjectView.queued-question-roundtrip.test.tsx > queued question answer lifecycle > waits for run hydration on running reload before promoting a persisted answer
 FAIL  tests/components/ProjectView.queued-question-roundtrip.test.tsx > queued question answer lifecycle > waits for run hydration on idle reload before promoting a persisted answer
 FAIL  tests/components/ProjectView.queued-question-roundtrip.test.tsx > queued question answer lifecycle > waits for run hydration on interrupt reload before promoting a persisted answer
 FAIL  tests/components/ProjectView.queued-question-roundtrip.test.tsx > queued question answer lifecycle > waits for run hydration on error reload before promoting a persisted answer
 FAIL  tests/components/ProjectView.queued-question-roundtrip.test.tsx > queued question answer lifecycle > waits for run hydration on retry-idle reload before promoting a persisted answer
 FAIL  tests/components/ProjectView.queued-question-roundtrip.test.tsx > queued question answer lifecycle > waits for run hydration on retry-active reload before promoting a persisted answer
 FAIL  tests/components/ProjectView.queued-question-roundtrip.test.tsx > queued question answer lifecycle > waits for run hydration on retry-failure reload before promoting a persisted answer
 FAIL  tests/components/ProjectView.queued-question-roundtrip.test.tsx > queued question answer lifecycle > preserves answers through panel submission, reload, composer edit and auto-apply
 FAIL  tests/components/ProjectView.queued-question-roundtrip.test.tsx > queued question answer lifecycle > preserves answers through queueOnly submission, reload, composer edit and auto-apply
TypeError: log.scrollTo is not a function
 ❯ scrollQuestionIntoView src/components/scrollQuestionIntoView.ts:3:7
      1| /** Reveal a question inside its scroll owner, never its overflow-hidd…
      2| export function scrollQuestionIntoView(log: HTMLElement, question: HTM…
      3|   log.scrollTo({
       |       ^
      4|     top: log.scrollTop + question.getBoundingClientRect().top - log.ge…
      5|     behavior: 'smooth',
 ❯ src/components/ChatPane.tsx:735:59
 ❯ commitHookEffectListMount ../../node_modules/.pnpm/react-dom@18.3.1_react@18.3.1/node_modules/react-dom/cjs/react-dom.development.js:23189:26
 ❯ commitPassiveMountOnFiber ../../node_modules/.pnpm/react-dom@18.3.1_react@18.3.1/node_modules/react-dom/cjs/react-dom.development.js:24970:11
 ❯ commitPassiveMountEffects_complete ../../node_modules/.pnpm/react-dom@18.3.1_react@18.3.1/node_modules/react-dom/cjs/react-dom.development.js:24930:9
 ❯ commitPassiveMountEffects_begin ../../node_modules/.pnpm/react-dom@18.3.1_react@18.3.1/node_modules/react-dom/cjs/react-dom.development.js:24917:7
 ❯ commitPassiveMountEffects ../../node_modules/.pnpm/react-dom@18.3.1_react@18.3.1/node_modules/react-dom/cjs/react-dom.development.js:24905:3
 ❯ flushPassiveEffectsImpl ../../node_modules/.pnpm/react-dom@18.3.1_react@18.3.1/node_modules/react-dom/cjs/react-dom.development.js:27078:3
 ❯ flushPassiveEffects ../../node_modules/.pnpm/react-dom@18.3.1_react@18.3.1/node_modules/react-dom/cjs/react-dom.development.js:27023:14
 ❯ ../../node_modules/.pnpm/react-dom@18.3.1_react@18.3.1/node_modules/react-dom/cjs/react-dom.development.js:26808:9

⎯⎯⎯⎯⎯⎯⎯⎯⎯⎯⎯⎯⎯⎯⎯⎯⎯⎯⎯⎯⎯⎯[35/66]⎯

 FAIL  tests/styles/interactive-reachability-contracts.test.ts > interactive reachability contracts > pairs pointer-events with opacity in every applied keyframe across the app
AssertionError: every applied keyframe that reaches opacity 0 must declare pointer-events in the same step: pointer-events is discrete, so pairing it with opacity makes visibility and clickability one timeline that cannot desynchronise: expected [ Array(1) ] to deeply equal []

- Expected
+ Received

- []
+ [
+   "home-hero-fav-pop (styles/home/home-hero.css)",
+ ]

 ❯ tests/styles/interactive-reachability-contracts.test.ts:565:7
    563|         + 'step: pointer-events is discrete, so pairing it with opacit…
    564|         + 'clickability one timeline that cannot desynchronise',
    565|     ).toEqual([]);
       |       ^
    566|   });
    567|

⎯⎯⎯⎯⎯⎯⎯⎯⎯⎯⎯⎯⎯⎯⎯⎯⎯⎯⎯⎯⎯⎯[36/66]⎯


 Test Files  7 failed | 539 passed (546)
      Tests  66 failed | 5206 passed | 1 skipped (5273)
   Start at  01:44:45
   Duration  399.79s (transform 57.51s, setup 8.30s, import 664.60s, tests 519.56s, environment 1621.96s)

undefined
D:\readable-studio\apps\web:
 ERR_PNPM_RECURSIVE_EXEC_FIRST_FAIL  Command failed with exit code 1: vitest run --pool=threads --maxWorkers=8 --fileParallelism
